2025-07-07 09:10:15,067    : -----Naukri.py Script Run Begin-----
2025-07-07 09:10:17,821    : Google Chrome Launched!
2025-07-07 09:10:19,012    : Jobseeker's Login: Search the Best Jobs available in India & Abroad - Naukri.com
2025-07-07 09:10:19,015    : Website Loaded Successfully.
2025-07-07 09:10:36,263    : Element not found with XPATH : //*[contains(@class, 'cross-icon') or @alt='cross-icon']
2025-07-07 09:10:41,267    : Element not found with XPATH : //*[text() = 'SKIP AND CONTINUE']
2025-07-07 09:10:42,282    : Naukri Login Successful
2025-07-07 09:10:53,574    : Element not found with XPATH : //*[contains(@class, 'crossIcon')]
2025-07-07 09:10:55,675    : <class 'selenium.common.exceptions.ElementClickInterceptedException'> : Message: element click intercepted: Element <em class="icon edit ">...</em> is not clickable at point (830, 63). Other element would receive the click: <div class="nI-gNb-header__wrapper">...</div>
  (Session info: chrome=138.0.7204.51); For documentation on this error, please visit: https://www.selenium.dev/documentation/webdriver/troubleshooting/errors#elementclickinterceptedexception
Stacktrace:
	GetHandleVerifier [0x0x7ff6dc576f95+76917]
	GetHandleVerifier [0x0x7ff6dc576ff0+77008]
	(No symbol) [0x0x7ff6dc329dea]
	(No symbol) [0x0x7ff6dc388269]
	(No symbol) [0x0x7ff6dc385c02]
	(No symbol) [0x0x7ff6dc382c41]
	(No symbol) [0x0x7ff6dc381b31]
	(No symbol) [0x0x7ff6dc373368]
	(No symbol) [0x0x7ff6dc3a846a]
	(No symbol) [0x0x7ff6dc372c16]
	(No symbol) [0x0x7ff6dc3a8680]
	(No symbol) [0x0x7ff6dc3d065c]
	(No symbol) [0x0x7ff6dc3a8243]
	(No symbol) [0x0x7ff6dc371431]
	(No symbol) [0x0x7ff6dc3721c3]
	GetHandleVerifier [0x0x7ff6dc84d2cd+3051437]
	GetHandleVerifier [0x0x7ff6dc847923+3028483]
	GetHandleVerifier [0x0x7ff6dc8658bd+3151261]
	GetHandleVerifier [0x0x7ff6dc59185e+185662]
	GetHandleVerifier [0x0x7ff6dc59971f+218111]
	GetHandleVerifier [0x0x7ff6dc57fb14+112628]
	GetHandleVerifier [0x0x7ff6dc57fcc9+113065]
	GetHandleVerifier [0x0x7ff6dc566c98+10616]
	BaseThreadInitThunk [0x0x7ffa5431e8d7+23]
	RtlUserThreadStart [0x0x7ffa5561c5dc+44]
 at Line 267.
2025-07-07 09:11:07,857    : Element not found with XPATH : //*[contains(@class, 'crossIcon')]
2025-07-07 09:11:14,976    : Element not found with ID : //button[@type='button']
2025-07-07 09:11:16,003    : Resume Document Upload Successful. Last Updated date = Uploaded on Jul 07, 2025
2025-07-07 09:11:18,100    : Driver Closed Successfully
2025-07-07 09:11:20,200    : Driver Quit Successfully
2025-07-07 09:11:20,200    : -----Naukri.py Script Run Ended-----

2025-07-07 09:11:34,890    : -----Naukri.py Script Run Begin-----
2025-07-07 09:11:36,005    : Google Chrome Launched!
2025-07-07 09:11:37,015    : Jobseeker's Login: Search the Best Jobs available in India & Abroad - Naukri.com
2025-07-07 09:11:37,018    : Website Loaded Successfully.
2025-07-07 09:11:54,269    : Element not found with XPATH : //*[contains(@class, 'cross-icon') or @alt='cross-icon']
2025-07-07 09:11:59,272    : Element not found with XPATH : //*[text() = 'SKIP AND CONTINUE']
2025-07-07 09:12:00,286    : Naukri Login Successful
2025-07-07 09:12:11,615    : Element not found with XPATH : //*[contains(@class, 'crossIcon')]
2025-07-07 09:12:22,728    : Element not found with XPATH : //*[@name='mobile'] | //*[@id='mob_number']
2025-07-07 09:12:25,790    : Element not found with XPATH : //*[@name='mobile'] | //*[@id='mob_number']
2025-07-07 09:12:26,858    : Profile Update Successful
2025-07-07 09:12:44,050    : Element not found with XPATH : //*[contains(@class, 'crossIcon')]
2025-07-07 09:12:51,171    : Element not found with ID : //button[@type='button']
2025-07-07 09:12:52,197    : Resume Document Upload Successful. Last Updated date = Uploaded on Jul 07, 2025
2025-07-07 09:12:54,297    : Driver Closed Successfully
2025-07-07 09:12:56,433    : Driver Quit Successfully
2025-07-07 09:12:56,433    : -----Naukri.py Script Run Ended-----

2025-07-07 09:36:59,601    : -----Naukri.py Script Run Begin-----
2025-07-07 09:37:00,753    : Google Chrome Launched!
2025-07-07 09:37:02,049    : Jobseeker's Login: Search the Best Jobs available in India & Abroad - Naukri.com
2025-07-07 09:37:02,052    : Website Loaded Successfully.
2025-07-07 09:37:19,295    : Element not found with XPATH : //*[contains(@class, 'cross-icon') or @alt='cross-icon']
2025-07-07 09:37:24,300    : Element not found with XPATH : //*[text() = 'SKIP AND CONTINUE']
2025-07-07 09:37:25,316    : Naukri Login Successful
2025-07-07 09:37:36,658    : Element not found with XPATH : //*[contains(@class, 'crossIcon')]
2025-07-07 09:37:47,771    : Element not found with XPATH : //*[@name='mobile'] | //*[@id='mob_number']
2025-07-07 09:37:50,789    : Element not found with XPATH : //*[@name='mobile'] | //*[@id='mob_number']
2025-07-07 09:37:51,874    : Profile Update Successful
2025-07-07 09:38:09,065    : Element not found with XPATH : //*[contains(@class, 'crossIcon')]
2025-07-07 09:38:16,166    : Element not found with ID : //button[@type='button']
2025-07-07 09:38:17,192    : Resume Document Upload Successful. Last Updated date = Uploaded on Jul 07, 2025
2025-07-07 09:38:19,292    : Driver Closed Successfully
2025-07-07 09:38:21,425    : Driver Quit Successfully
2025-07-07 09:38:21,425    : -----Naukri.py Script Run Ended-----

2025-07-07 09:59:30,076    : -----Naukri.py Script Run Begin-----
2025-07-07 09:59:31,283    : Google Chrome Launched!
2025-07-07 09:59:32,359    : Jobseeker's Login: Search the Best Jobs available in India & Abroad - Naukri.com
2025-07-07 09:59:32,363    : Website Loaded Successfully.
2025-07-07 09:59:49,609    : Element not found with XPATH : //*[contains(@class, 'cross-icon') or @alt='cross-icon']
2025-07-07 09:59:54,608    : Element not found with XPATH : //*[text() = 'SKIP AND CONTINUE']
2025-07-07 09:59:55,618    : Naukri Login Successful
2025-07-07 10:00:06,946    : Element not found with XPATH : //*[contains(@class, 'crossIcon')]
2025-07-07 10:00:18,058    : Element not found with XPATH : //*[@name='mobile'] | //*[@id='mob_number']
2025-07-07 10:00:21,086    : Element not found with XPATH : //*[@name='mobile'] | //*[@id='mob_number']
2025-07-07 10:00:22,175    : Profile Update Successful
2025-07-07 10:00:39,351    : Element not found with XPATH : //*[contains(@class, 'crossIcon')]
2025-07-07 10:00:46,451    : Element not found with ID : //button[@type='button']
2025-07-07 10:00:47,477    : Resume Document Upload Successful. Last Updated date = Uploaded on Jul 07, 2025
2025-07-07 10:00:49,587    : Driver Closed Successfully
2025-07-07 10:00:51,696    : Driver Quit Successfully
2025-07-07 10:00:51,696    : -----Naukri.py Script Run Ended-----

2025-07-08 09:30:58,205    : -----Naukri.py Script Run Begin-----
2025-07-08 09:31:00,089    : Google Chrome Launched!
2025-07-08 09:31:01,798    : Jobseeker's Login: Search the Best Jobs available in India & Abroad - Naukri.com
2025-07-08 09:31:01,807    : Website Loaded Successfully.
2025-07-08 09:31:19,630    : Element not found with XPATH : //*[contains(@class, 'cross-icon') or @alt='cross-icon']
2025-07-08 09:31:24,668    : Element not found with XPATH : //*[text() = 'SKIP AND CONTINUE']
2025-07-08 09:31:25,726    : Naukri Login Successful
2025-07-08 09:31:37,432    : Element not found with XPATH : //*[contains(@class, 'crossIcon')]
2025-07-08 09:31:48,814    : Element not found with XPATH : //*[@name='mobile'] | //*[@id='mob_number']
2025-07-08 09:31:51,863    : Element not found with XPATH : //*[@name='mobile'] | //*[@id='mob_number']
2025-07-08 09:31:53,076    : Profile Update Successful
2025-07-08 09:32:10,492    : Element not found with XPATH : //*[contains(@class, 'crossIcon')]
2025-07-08 09:32:17,835    : Element not found with ID : //button[@type='button']
2025-07-08 09:32:18,907    : Resume Document Upload Successful. Last Updated date = Uploaded on Jul 08, 2025
2025-07-08 09:32:21,124    : Driver Closed Successfully
2025-07-08 09:32:23,369    : Driver Quit Successfully
2025-07-08 09:32:23,371    : -----Naukri.py Script Run Ended-----

2025-07-09 14:27:16,568    : -----Naukri.py Script Run Begin-----
2025-07-09 14:27:19,957    : Google Chrome Launched!
2025-07-09 14:27:21,271    : Jobseeker's Login: Search the Best Jobs available in India & Abroad - Naukri.com
2025-07-09 14:27:21,280    : Website Loaded Successfully.
2025-07-09 14:27:39,052    : Element not found with XPATH : //*[contains(@class, 'cross-icon') or @alt='cross-icon']
2025-07-09 14:27:44,090    : Element not found with XPATH : //*[text() = 'SKIP AND CONTINUE']
2025-07-09 14:27:45,145    : Naukri Login Successful
2025-07-09 14:27:56,865    : Element not found with XPATH : //*[contains(@class, 'crossIcon')]
2025-07-09 14:28:08,222    : Element not found with XPATH : //*[@name='mobile'] | //*[@id='mob_number']
2025-07-09 14:28:11,232    : Element not found with XPATH : //*[@name='mobile'] | //*[@id='mob_number']
2025-07-09 14:28:12,448    : Profile Update Successful
2025-07-09 14:28:29,869    : Element not found with XPATH : //*[contains(@class, 'crossIcon')]
2025-07-09 14:28:37,271    : Element not found with ID : //button[@type='button']
2025-07-09 14:28:38,335    : Resume Document Upload Successful. Last Updated date = Uploaded on Jul 09, 2025
2025-07-09 14:28:40,633    : Driver Closed Successfully
2025-07-09 14:28:42,879    : Driver Quit Successfully
2025-07-09 14:28:42,879    : -----Naukri.py Script Run Ended-----

2025-07-10 09:26:29,331    : -----Naukri.py Script Run Begin-----
2025-07-10 09:26:30,801    : Google Chrome Launched!
2025-07-10 09:26:31,910    : Jobseeker's Login: Search the Best Jobs available in India & Abroad - Naukri.com
2025-07-10 09:26:31,913    : Website Loaded Successfully.
2025-07-10 09:26:49,149    : Element not found with XPATH : //*[contains(@class, 'cross-icon') or @alt='cross-icon']
2025-07-10 09:26:54,146    : Element not found with XPATH : //*[text() = 'SKIP AND CONTINUE']
2025-07-10 09:26:55,150    : Naukri Login Successful
2025-07-10 09:27:06,753    : Element not found with XPATH : //*[contains(@class, 'crossIcon')]
2025-07-10 09:27:17,876    : Element not found with XPATH : //*[@name='mobile'] | //*[@id='mob_number']
2025-07-10 09:27:20,941    : Element not found with XPATH : //*[@name='mobile'] | //*[@id='mob_number']
2025-07-10 09:27:22,007    : Profile Update Successful
2025-07-10 09:27:39,241    : Element not found with XPATH : //*[contains(@class, 'crossIcon')]
2025-07-10 09:27:46,342    : Element not found with ID : //button[@type='button']
2025-07-10 09:27:47,369    : Resume Document Upload Successful. Last Updated date = Uploaded on Jul 10, 2025
2025-07-10 09:27:49,471    : Driver Closed Successfully
2025-07-10 09:27:51,607    : Driver Quit Successfully
2025-07-10 09:27:51,607    : -----Naukri.py Script Run Ended-----

2025-07-11 10:13:42,347    : -----Naukri.py Script Run Begin-----
2025-07-11 10:13:45,352    : Google Chrome Launched!
2025-07-11 10:13:46,812    : Jobseeker's Login: Search the Best Jobs available in India & Abroad - Naukri.com
2025-07-11 10:13:46,820    : Website Loaded Successfully.
2025-07-11 10:14:04,502    : Element not found with XPATH : //*[contains(@class, 'cross-icon') or @alt='cross-icon']
2025-07-11 10:14:09,536    : Element not found with XPATH : //*[text() = 'SKIP AND CONTINUE']
2025-07-11 10:14:10,569    : Naukri Login Successful
2025-07-11 10:14:22,266    : Element not found with XPATH : //*[contains(@class, 'crossIcon')]
2025-07-11 10:14:33,574    : Element not found with XPATH : //*[@name='mobile'] | //*[@id='mob_number']
2025-07-11 10:14:36,599    : Element not found with XPATH : //*[@name='mobile'] | //*[@id='mob_number']
2025-07-11 10:14:37,800    : Profile Update Successful
2025-07-11 10:14:55,211    : Element not found with XPATH : //*[contains(@class, 'crossIcon')]
2025-07-11 10:15:02,540    : Element not found with ID : //button[@type='button']
2025-07-11 10:15:03,605    : Resume Document Upload Successful. Last Updated date = Uploaded on Jul 11, 2025
2025-07-11 10:15:05,824    : Driver Closed Successfully
2025-07-11 10:15:08,756    : Driver Quit Successfully
2025-07-11 10:15:08,756    : -----Naukri.py Script Run Ended-----

2025-07-12 10:25:20,772    : -----Naukri.py Script Run Begin-----
2025-07-12 10:25:22,473    : Google Chrome Launched!
2025-07-12 10:25:23,633    : Jobseeker's Login: Search the Best Jobs available in India & Abroad - Naukri.com
2025-07-12 10:25:23,637    : Website Loaded Successfully.
2025-07-12 10:25:40,867    : Element not found with XPATH : //*[contains(@class, 'cross-icon') or @alt='cross-icon']
2025-07-12 10:25:45,851    : Element not found with XPATH : //*[text() = 'SKIP AND CONTINUE']
2025-07-12 10:26:02,831    : Exception when WaitTillElementPresent : Message: invalid session id: session deleted as the browser has closed the connection
from disconnected: not connected to DevTools
  (Session info: chrome=138.0.7204.97); For documentation on this error, please visit: https://www.selenium.dev/documentation/webdriver/troubleshooting/errors#invalidsessionidexception
Stacktrace:
	GetHandleVerifier [0x0x7ff6ae926f75+76917]
	GetHandleVerifier [0x0x7ff6ae926fd0+77008]
	(No symbol) [0x0x7ff6ae6d9dea]
	(No symbol) [0x0x7ff6ae6c5f15]
	(No symbol) [0x0x7ff6ae6eabf4]
	(No symbol) [0x0x7ff6ae75fa85]
	(No symbol) [0x0x7ff6ae77ff72]
	(No symbol) [0x0x7ff6ae758243]
	(No symbol) [0x0x7ff6ae721431]
	(No symbol) [0x0x7ff6ae7221c3]
	GetHandleVerifier [0x0x7ff6aebfd2ad+3051437]
	GetHandleVerifier [0x0x7ff6aebf7903+3028483]
	GetHandleVerifier [0x0x7ff6aec1589d+3151261]
	GetHandleVerifier [0x0x7ff6ae94183e+185662]
	GetHandleVerifier [0x0x7ff6ae9496ff+218111]
	GetHandleVerifier [0x0x7ff6ae92faf4+112628]
	GetHandleVerifier [0x0x7ff6ae92fca9+113065]
	GetHandleVerifier [0x0x7ff6ae916c78+10616]
	BaseThreadInitThunk [0x0x7ffa5431e8d7+23]
	RtlUserThreadStart [0x0x7ffa5561c5dc+44]

2025-07-12 10:26:03,823    : Exception when WaitTillElementPresent : Message: invalid session id; For documentation on this error, please visit: https://www.selenium.dev/documentation/webdriver/troubleshooting/errors#invalidsessionidexception
Stacktrace:
	GetHandleVerifier [0x0x7ff6ae926f75+76917]
	GetHandleVerifier [0x0x7ff6ae926fd0+77008]
	(No symbol) [0x0x7ff6ae6d9c1c]
	(No symbol) [0x0x7ff6ae72055f]
	(No symbol) [0x0x7ff6ae758332]
	(No symbol) [0x0x7ff6ae752e53]
	(No symbol) [0x0x7ff6ae751f19]
	(No symbol) [0x0x7ff6ae6a4b05]
	GetHandleVerifier [0x0x7ff6aebfd2ad+3051437]
	GetHandleVerifier [0x0x7ff6aebf7903+3028483]
	GetHandleVerifier [0x0x7ff6aec1589d+3151261]
	GetHandleVerifier [0x0x7ff6ae94183e+185662]
	GetHandleVerifier [0x0x7ff6ae9496ff+218111]
	(No symbol) [0x0x7ff6ae6a3b00]
	GetHandleVerifier [0x0x7ff6aed15f18+4201496]
	BaseThreadInitThunk [0x0x7ffa5431e8d7+23]
	RtlUserThreadStart [0x0x7ffa5561c5dc+44]

2025-07-12 10:26:04,815    : Exception when WaitTillElementPresent : Message: invalid session id; For documentation on this error, please visit: https://www.selenium.dev/documentation/webdriver/troubleshooting/errors#invalidsessionidexception
Stacktrace:
	GetHandleVerifier [0x0x7ff6ae926f75+76917]
	GetHandleVerifier [0x0x7ff6ae926fd0+77008]
	(No symbol) [0x0x7ff6ae6d9c1c]
	(No symbol) [0x0x7ff6ae72055f]
	(No symbol) [0x0x7ff6ae758332]
	(No symbol) [0x0x7ff6ae752e53]
	(No symbol) [0x0x7ff6ae751f19]
	(No symbol) [0x0x7ff6ae6a4b05]
	GetHandleVerifier [0x0x7ff6aebfd2ad+3051437]
	GetHandleVerifier [0x0x7ff6aebf7903+3028483]
	GetHandleVerifier [0x0x7ff6aec1589d+3151261]
	GetHandleVerifier [0x0x7ff6ae94183e+185662]
	GetHandleVerifier [0x0x7ff6ae9496ff+218111]
	(No symbol) [0x0x7ff6ae6a3b00]
	GetHandleVerifier [0x0x7ff6aed15f18+4201496]
	BaseThreadInitThunk [0x0x7ffa5431e8d7+23]
	RtlUserThreadStart [0x0x7ffa5561c5dc+44]

2025-07-12 10:26:05,808    : Exception when WaitTillElementPresent : Message: invalid session id; For documentation on this error, please visit: https://www.selenium.dev/documentation/webdriver/troubleshooting/errors#invalidsessionidexception
Stacktrace:
	GetHandleVerifier [0x0x7ff6ae926f75+76917]
	GetHandleVerifier [0x0x7ff6ae926fd0+77008]
	(No symbol) [0x0x7ff6ae6d9c1c]
	(No symbol) [0x0x7ff6ae72055f]
	(No symbol) [0x0x7ff6ae758332]
	(No symbol) [0x0x7ff6ae752e53]
	(No symbol) [0x0x7ff6ae751f19]
	(No symbol) [0x0x7ff6ae6a4b05]
	GetHandleVerifier [0x0x7ff6aebfd2ad+3051437]
	GetHandleVerifier [0x0x7ff6aebf7903+3028483]
	GetHandleVerifier [0x0x7ff6aec1589d+3151261]
	GetHandleVerifier [0x0x7ff6ae94183e+185662]
	GetHandleVerifier [0x0x7ff6ae9496ff+218111]
	(No symbol) [0x0x7ff6ae6a3b00]
	GetHandleVerifier [0x0x7ff6aed15f18+4201496]
	BaseThreadInitThunk [0x0x7ffa5431e8d7+23]
	RtlUserThreadStart [0x0x7ffa5561c5dc+44]

2025-07-12 10:26:06,799    : Exception when WaitTillElementPresent : Message: invalid session id; For documentation on this error, please visit: https://www.selenium.dev/documentation/webdriver/troubleshooting/errors#invalidsessionidexception
Stacktrace:
	GetHandleVerifier [0x0x7ff6ae926f75+76917]
	GetHandleVerifier [0x0x7ff6ae926fd0+77008]
	(No symbol) [0x0x7ff6ae6d9c1c]
	(No symbol) [0x0x7ff6ae72055f]
	(No symbol) [0x0x7ff6ae758332]
	(No symbol) [0x0x7ff6ae752e53]
	(No symbol) [0x0x7ff6ae751f19]
	(No symbol) [0x0x7ff6ae6a4b05]
	GetHandleVerifier [0x0x7ff6aebfd2ad+3051437]
	GetHandleVerifier [0x0x7ff6aebf7903+3028483]
	GetHandleVerifier [0x0x7ff6aec1589d+3151261]
	GetHandleVerifier [0x0x7ff6ae94183e+185662]
	GetHandleVerifier [0x0x7ff6ae9496ff+218111]
	(No symbol) [0x0x7ff6ae6a3b00]
	GetHandleVerifier [0x0x7ff6aed15f18+4201496]
	BaseThreadInitThunk [0x0x7ffa5431e8d7+23]
	RtlUserThreadStart [0x0x7ffa5561c5dc+44]

2025-07-12 10:26:07,791    : Exception when WaitTillElementPresent : Message: invalid session id; For documentation on this error, please visit: https://www.selenium.dev/documentation/webdriver/troubleshooting/errors#invalidsessionidexception
Stacktrace:
	GetHandleVerifier [0x0x7ff6ae926f75+76917]
	GetHandleVerifier [0x0x7ff6ae926fd0+77008]
	(No symbol) [0x0x7ff6ae6d9c1c]
	(No symbol) [0x0x7ff6ae72055f]
	(No symbol) [0x0x7ff6ae758332]
	(No symbol) [0x0x7ff6ae752e53]
	(No symbol) [0x0x7ff6ae751f19]
	(No symbol) [0x0x7ff6ae6a4b05]
	GetHandleVerifier [0x0x7ff6aebfd2ad+3051437]
	GetHandleVerifier [0x0x7ff6aebf7903+3028483]
	GetHandleVerifier [0x0x7ff6aec1589d+3151261]
	GetHandleVerifier [0x0x7ff6ae94183e+185662]
	GetHandleVerifier [0x0x7ff6ae9496ff+218111]
	(No symbol) [0x0x7ff6ae6a3b00]
	GetHandleVerifier [0x0x7ff6aed15f18+4201496]
	BaseThreadInitThunk [0x0x7ffa5431e8d7+23]
	RtlUserThreadStart [0x0x7ffa5561c5dc+44]

2025-07-12 10:26:08,782    : Exception when WaitTillElementPresent : Message: invalid session id; For documentation on this error, please visit: https://www.selenium.dev/documentation/webdriver/troubleshooting/errors#invalidsessionidexception
Stacktrace:
	GetHandleVerifier [0x0x7ff6ae926f75+76917]
	GetHandleVerifier [0x0x7ff6ae926fd0+77008]
	(No symbol) [0x0x7ff6ae6d9c1c]
	(No symbol) [0x0x7ff6ae72055f]
	(No symbol) [0x0x7ff6ae758332]
	(No symbol) [0x0x7ff6ae752e53]
	(No symbol) [0x0x7ff6ae751f19]
	(No symbol) [0x0x7ff6ae6a4b05]
	GetHandleVerifier [0x0x7ff6aebfd2ad+3051437]
	GetHandleVerifier [0x0x7ff6aebf7903+3028483]
	GetHandleVerifier [0x0x7ff6aec1589d+3151261]
	GetHandleVerifier [0x0x7ff6ae94183e+185662]
	GetHandleVerifier [0x0x7ff6ae9496ff+218111]
	(No symbol) [0x0x7ff6ae6a3b00]
	GetHandleVerifier [0x0x7ff6aed15f18+4201496]
	BaseThreadInitThunk [0x0x7ffa5431e8d7+23]
	RtlUserThreadStart [0x0x7ffa5561c5dc+44]

2025-07-12 10:26:09,451    : <class 'AttributeError'> : 'NoneType' object has no attribute 'close' at Line 139.
2025-07-12 10:26:09,451    : <class 'AttributeError'> : 'NoneType' object has no attribute 'quit' at Line 146.
2025-07-12 10:26:23,331    : -----Naukri.py Script Run Begin-----
2025-07-12 10:26:24,587    : Google Chrome Launched!
2025-07-12 10:26:25,788    : Jobseeker's Login: Search the Best Jobs available in India & Abroad - Naukri.com
2025-07-12 10:26:25,791    : Website Loaded Successfully.
2025-07-12 10:26:42,999    : Element not found with XPATH : //*[contains(@class, 'cross-icon') or @alt='cross-icon']
2025-07-12 10:26:47,989    : Element not found with XPATH : //*[text() = 'SKIP AND CONTINUE']
2025-07-12 10:27:05,956    : Naukri Login Successful
2025-07-12 10:27:17,273    : Element not found with XPATH : //*[contains(@class, 'crossIcon')]
2025-07-12 10:27:28,360    : Element not found with XPATH : //*[@name='mobile'] | //*[@id='mob_number']
2025-07-12 10:27:31,376    : Element not found with XPATH : //*[@name='mobile'] | //*[@id='mob_number']
2025-07-12 10:27:32,445    : Profile Update Successful
2025-07-12 10:27:49,616    : Element not found with XPATH : //*[contains(@class, 'crossIcon')]
2025-07-12 10:27:56,707    : Element not found with ID : //button[@type='button']
2025-07-12 10:27:57,735    : Resume Document Upload Successful. Last Updated date = Uploaded on Jul 12, 2025
2025-07-12 10:27:59,828    : Driver Closed Successfully
2025-07-12 10:28:01,944    : Driver Quit Successfully
2025-07-12 10:28:01,944    : -----Naukri.py Script Run Ended-----

2025-07-13 09:04:40,710    : -----Naukri.py Script Run Begin-----
2025-07-13 09:04:42,209    : Google Chrome Launched!
2025-07-13 09:04:43,326    : Jobseeker's Login: Search the Best Jobs available in India & Abroad - Naukri.com
2025-07-13 09:04:43,328    : Website Loaded Successfully.
2025-07-13 09:05:00,583    : Element not found with XPATH : //*[contains(@class, 'cross-icon') or @alt='cross-icon']
2025-07-13 09:05:05,579    : Element not found with XPATH : //*[text() = 'SKIP AND CONTINUE']
2025-07-13 09:05:06,592    : Naukri Login Successful
2025-07-13 09:05:18,064    : Element not found with XPATH : //*[contains(@class, 'crossIcon')]
2025-07-13 09:05:29,171    : Element not found with XPATH : //*[@name='mobile'] | //*[@id='mob_number']
2025-07-13 09:05:32,177    : Element not found with XPATH : //*[@name='mobile'] | //*[@id='mob_number']
2025-07-13 09:05:35,239    : Profile Update Successful
2025-07-13 09:05:52,445    : Element not found with XPATH : //*[contains(@class, 'crossIcon')]
2025-07-13 09:05:59,567    : Element not found with ID : //button[@type='button']
2025-07-13 09:06:00,599    : Resume Document Upload Successful. Last Updated date = Uploaded on Jul 13, 2025
2025-07-13 09:06:02,708    : Driver Closed Successfully
2025-07-13 09:06:04,879    : Driver Quit Successfully
2025-07-13 09:06:04,879    : -----Naukri.py Script Run Ended-----

2025-07-14 11:20:12,467    : -----Naukri.py Script Run Begin-----
2025-07-14 11:20:13,980    : Google Chrome Launched!
2025-07-14 11:20:14,627    : Jobseeker's Login: Search the Best Jobs available in India & Abroad - Naukri.com
2025-07-14 11:20:14,631    : Website Loaded Successfully.
2025-07-14 11:20:31,890    : Element not found with XPATH : //*[contains(@class, 'cross-icon') or @alt='cross-icon']
2025-07-14 11:20:36,881    : Element not found with XPATH : //*[text() = 'SKIP AND CONTINUE']
2025-07-14 11:20:37,904    : Naukri Login Successful
2025-07-14 11:20:49,196    : Element not found with XPATH : //*[contains(@class, 'crossIcon')]
2025-07-14 11:21:00,319    : Element not found with XPATH : //*[@name='mobile'] | //*[@id='mob_number']
2025-07-14 11:21:03,341    : Element not found with XPATH : //*[@name='mobile'] | //*[@id='mob_number']
2025-07-14 11:21:04,422    : Profile Update Successful
2025-07-14 11:21:21,681    : Element not found with XPATH : //*[contains(@class, 'crossIcon')]
2025-07-14 11:21:28,788    : Element not found with ID : //button[@type='button']
2025-07-14 11:21:29,817    : Resume Document Upload Successful. Last Updated date = Uploaded on Jul 14, 2025
2025-07-14 11:21:31,922    : Driver Closed Successfully
2025-07-14 11:21:34,044    : Driver Quit Successfully
2025-07-14 11:21:34,044    : -----Naukri.py Script Run Ended-----

2025-07-15 11:50:49,981    : -----Naukri.py Script Run Begin-----
2025-07-15 11:50:51,608    : Google Chrome Launched!
2025-07-15 11:50:52,751    : Jobseeker's Login: Search the Best Jobs available in India & Abroad - Naukri.com
2025-07-15 11:50:52,754    : Website Loaded Successfully.
2025-07-15 11:51:10,052    : Element not found with XPATH : //*[contains(@class, 'cross-icon') or @alt='cross-icon']
2025-07-15 11:51:15,037    : Element not found with XPATH : //*[text() = 'SKIP AND CONTINUE']
2025-07-15 11:51:16,054    : Naukri Login Successful
2025-07-15 11:51:27,735    : Element not found with XPATH : //*[contains(@class, 'crossIcon')]
2025-07-15 11:51:38,831    : Element not found with XPATH : //*[@name='mobile'] | //*[@id='mob_number']
2025-07-15 11:51:41,852    : Element not found with XPATH : //*[@name='mobile'] | //*[@id='mob_number']
2025-07-15 11:51:42,917    : Profile Update Successful
2025-07-15 11:52:00,116    : Element not found with XPATH : //*[contains(@class, 'crossIcon')]
2025-07-15 11:52:07,214    : Element not found with ID : //button[@type='button']
2025-07-15 11:52:08,243    : Resume Document Upload Successful. Last Updated date = Uploaded on Jul 15, 2025
2025-07-15 11:52:10,346    : Driver Closed Successfully
2025-07-15 11:52:12,483    : Driver Quit Successfully
2025-07-15 11:52:12,483    : -----Naukri.py Script Run Ended-----

2025-07-17 11:48:44,686    : -----Naukri.py Script Run Begin-----
2025-07-17 11:48:49,137    : Google Chrome Launched!
2025-07-17 11:48:50,808    : Jobseeker's Login: Search the Best Jobs available in India & Abroad - Naukri.com
2025-07-17 11:48:50,816    : Website Loaded Successfully.
2025-07-17 11:49:08,538    : Element not found with XPATH : //*[contains(@class, 'cross-icon') or @alt='cross-icon']
2025-07-17 11:49:13,584    : Element not found with XPATH : //*[text() = 'SKIP AND CONTINUE']
2025-07-17 11:49:14,620    : Naukri Login Successful
2025-07-17 11:49:26,363    : Element not found with XPATH : //*[contains(@class, 'crossIcon')]
2025-07-17 11:49:37,759    : Element not found with XPATH : //*[@name='mobile'] | //*[@id='mob_number']
2025-07-17 11:49:40,770    : Element not found with XPATH : //*[@name='mobile'] | //*[@id='mob_number']
2025-07-17 11:49:41,989    : Profile Update Successful
2025-07-17 11:49:59,448    : Element not found with XPATH : //*[contains(@class, 'crossIcon')]
2025-07-17 11:50:06,859    : Element not found with ID : //button[@type='button']
2025-07-17 11:50:07,921    : Resume Document Upload Successful. Last Updated date = Uploaded on Jul 17, 2025
2025-07-17 11:50:10,129    : Driver Closed Successfully
2025-07-17 11:50:12,452    : Driver Quit Successfully
2025-07-17 11:50:12,454    : -----Naukri.py Script Run Ended-----

2025-07-19 10:05:27,532    : -----Naukri.py Script Run Begin-----
2025-07-19 10:05:29,147    : Google Chrome Launched!
2025-07-19 10:05:30,337    : Jobseeker's Login: Search the Best Jobs available in India & Abroad - Naukri.com
2025-07-19 10:05:30,341    : Website Loaded Successfully.
2025-07-19 10:05:47,573    : Element not found with XPATH : //*[contains(@class, 'cross-icon') or @alt='cross-icon']
2025-07-19 10:05:52,570    : Element not found with XPATH : //*[text() = 'SKIP AND CONTINUE']
2025-07-19 10:05:53,582    : Naukri Login Successful
2025-07-19 10:06:04,874    : Element not found with XPATH : //*[contains(@class, 'crossIcon')]
2025-07-19 10:06:15,963    : Element not found with XPATH : //*[@name='mobile'] | //*[@id='mob_number']
2025-07-19 10:06:19,001    : Element not found with XPATH : //*[@name='mobile'] | //*[@id='mob_number']
2025-07-19 10:06:20,090    : Profile Update Successful
2025-07-19 10:06:37,282    : Element not found with XPATH : //*[contains(@class, 'crossIcon')]
2025-07-19 10:06:44,404    : Element not found with ID : //button[@type='button']
2025-07-19 10:06:45,434    : Resume Document Upload Successful. Last Updated date = Uploaded on Jul 19, 2025
2025-07-19 10:06:47,544    : Driver Closed Successfully
2025-07-19 10:06:49,684    : Driver Quit Successfully
2025-07-19 10:06:49,684    : -----Naukri.py Script Run Ended-----

2025-07-22 11:45:37,794    : -----Naukri.py Script Run Begin-----
2025-07-22 11:45:40,779    : Google Chrome Launched!
2025-07-22 11:45:42,146    : Jobseeker's Login: Search the Best Jobs available in India & Abroad - Naukri.com
2025-07-22 11:45:42,150    : Website Loaded Successfully.
2025-07-22 11:45:59,475    : Element not found with XPATH : //*[contains(@class, 'cross-icon') or @alt='cross-icon']
2025-07-22 11:46:04,470    : Element not found with XPATH : //*[text() = 'SKIP AND CONTINUE']
2025-07-22 11:46:05,482    : Naukri Login Successful
2025-07-22 11:46:16,818    : Element not found with XPATH : //*[contains(@class, 'crossIcon')]
2025-07-22 11:46:27,915    : Element not found with XPATH : //*[@name='mobile'] | //*[@id='mob_number']
2025-07-22 11:46:30,949    : Element not found with XPATH : //*[@name='mobile'] | //*[@id='mob_number']
2025-07-22 11:46:32,013    : Profile Update Successful
2025-07-22 11:46:49,243    : Element not found with XPATH : //*[contains(@class, 'crossIcon')]
2025-07-22 11:46:56,342    : Element not found with ID : //button[@type='button']
2025-07-22 11:46:57,372    : Resume Document Upload Successful. Last Updated date = Uploaded on Jul 22, 2025
2025-07-22 11:46:59,478    : Driver Closed Successfully
2025-07-22 11:47:01,642    : Driver Quit Successfully
2025-07-22 11:47:01,642    : -----Naukri.py Script Run Ended-----

2025-07-23 09:44:29,072    : -----Naukri.py Script Run Begin-----
2025-07-23 09:44:33,513    : Google Chrome Launched!
2025-07-23 09:44:34,906    : Jobseeker's Login: Search the Best Jobs available in India & Abroad - Naukri.com
2025-07-23 09:44:34,912    : Website Loaded Successfully.
2025-07-23 09:44:52,615    : Element not found with XPATH : //*[contains(@class, 'cross-icon') or @alt='cross-icon']
2025-07-23 09:44:57,607    : Element not found with XPATH : //*[text() = 'SKIP AND CONTINUE']
2025-07-23 09:44:58,617    : Naukri Login Successful
2025-07-23 09:45:09,960    : Element not found with XPATH : //*[contains(@class, 'crossIcon')]
2025-07-23 09:45:21,054    : Element not found with XPATH : //*[@name='mobile'] | //*[@id='mob_number']
2025-07-23 09:45:24,060    : Element not found with XPATH : //*[@name='mobile'] | //*[@id='mob_number']
2025-07-23 09:45:25,139    : Profile Update Successful
2025-07-23 09:45:42,333    : Element not found with XPATH : //*[contains(@class, 'crossIcon')]
2025-07-23 09:45:49,429    : Element not found with ID : //button[@type='button']
2025-07-23 09:45:50,456    : Resume Document Upload Successful. Last Updated date = Uploaded on Jul 23, 2025
2025-07-23 09:45:52,553    : Driver Closed Successfully
2025-07-23 09:45:54,677    : Driver Quit Successfully
2025-07-23 09:45:54,677    : -----Naukri.py Script Run Ended-----

2025-07-24 13:41:54,315    : -----Naukri.py Script Run Begin-----
2025-07-24 13:41:56,672    : Google Chrome Launched!
2025-07-24 13:41:58,011    : Jobseeker's Login: Search the Best Jobs available in India & Abroad - Naukri.com
2025-07-24 13:41:58,018    : Website Loaded Successfully.
2025-07-24 13:42:15,838    : Element not found with XPATH : //*[contains(@class, 'cross-icon') or @alt='cross-icon']
2025-07-24 13:42:20,872    : Element not found with XPATH : //*[text() = 'SKIP AND CONTINUE']
2025-07-24 13:42:21,910    : Naukri Login Successful
2025-07-24 13:42:33,662    : Element not found with XPATH : //*[contains(@class, 'crossIcon')]
2025-07-24 13:42:44,958    : Element not found with XPATH : //*[@name='mobile'] | //*[@id='mob_number']
2025-07-24 13:42:47,968    : Element not found with XPATH : //*[@name='mobile'] | //*[@id='mob_number']
2025-07-24 13:42:49,180    : Profile Update Successful
2025-07-24 13:43:06,563    : Element not found with XPATH : //*[contains(@class, 'crossIcon')]
2025-07-24 13:43:13,924    : Element not found with ID : //button[@type='button']
2025-07-24 13:43:14,991    : Resume Document Upload Successful. Last Updated date = Uploaded on Jul 24, 2025
2025-07-24 13:43:17,217    : Driver Closed Successfully
2025-07-24 13:43:19,503    : Driver Quit Successfully
2025-07-24 13:43:19,503    : -----Naukri.py Script Run Ended-----

2025-07-26 14:26:17,705    : -----Naukri.py Script Run Begin-----
2025-07-26 14:26:19,528    : Google Chrome Launched!
2025-07-26 14:26:20,805    : Jobseeker's Login: Search the Best Jobs available in India & Abroad - Naukri.com
2025-07-26 14:26:20,810    : Website Loaded Successfully.
2025-07-26 14:26:38,068    : Element not found with XPATH : //*[contains(@class, 'cross-icon') or @alt='cross-icon']
2025-07-26 14:26:43,067    : Element not found with XPATH : //*[text() = 'SKIP AND CONTINUE']
2025-07-26 14:26:44,078    : Naukri Login Successful
2025-07-26 14:26:55,383    : Element not found with XPATH : //*[contains(@class, 'crossIcon')]
2025-07-26 14:27:06,468    : Element not found with XPATH : //*[@name='mobile'] | //*[@id='mob_number']
2025-07-26 14:27:09,475    : Element not found with XPATH : //*[@name='mobile'] | //*[@id='mob_number']
2025-07-26 14:27:10,556    : Profile Update Successful
2025-07-26 14:27:27,733    : Element not found with XPATH : //*[contains(@class, 'crossIcon')]
2025-07-26 14:27:34,841    : Element not found with ID : //button[@type='button']
2025-07-26 14:27:35,872    : Resume Document Upload Successful. Last Updated date = Uploaded on Jul 26, 2025
2025-07-26 14:27:37,976    : Driver Closed Successfully
2025-07-26 14:27:40,128    : Driver Quit Successfully
2025-07-26 14:27:40,128    : -----Naukri.py Script Run Ended-----

2025-07-29 08:59:29,362    : -----Naukri.py Script Run Begin-----
2025-07-29 08:59:31,440    : Google Chrome Launched!
2025-07-29 08:59:32,503    : Jobseeker's Login: Search the Best Jobs available in India & Abroad - Naukri.com
2025-07-29 08:59:32,506    : Website Loaded Successfully.
2025-07-29 08:59:49,752    : Element not found with XPATH : //*[contains(@class, 'cross-icon') or @alt='cross-icon']
2025-07-29 08:59:54,749    : Element not found with XPATH : //*[text() = 'SKIP AND CONTINUE']
2025-07-29 08:59:55,758    : Naukri Login Successful
2025-07-29 09:00:07,066    : Element not found with XPATH : //*[contains(@class, 'crossIcon')]
2025-07-29 09:00:18,156    : Element not found with XPATH : //*[@name='mobile'] | //*[@id='mob_number']
2025-07-29 09:00:21,159    : Element not found with XPATH : //*[@name='mobile'] | //*[@id='mob_number']
2025-07-29 09:00:22,234    : Profile Update Successful
2025-07-29 09:00:39,405    : Element not found with XPATH : //*[contains(@class, 'crossIcon')]
2025-07-29 09:00:46,504    : Element not found with ID : //button[@type='button']
2025-07-29 09:00:47,534    : Resume Document Upload Successful. Last Updated date = Uploaded on Jul 29, 2025
2025-07-29 09:00:49,645    : Driver Closed Successfully
2025-07-29 09:00:51,789    : Driver Quit Successfully
2025-07-29 09:00:51,790    : -----Naukri.py Script Run Ended-----

2025-08-21 17:52:14,479    : -----Naukri.py Script Run Begin-----
2025-08-21 17:52:22,743    : Google Chrome Launched!
2025-08-21 17:52:24,536    : Jobseeker's Login: Search the Best Jobs available in India & Abroad - Naukri.com
2025-08-21 17:52:24,548    : Website Loaded Successfully.
2025-08-21 17:52:43,916    : Element not found with XPATH : //*[contains(@class, 'cross-icon') or @alt='cross-icon']
2025-08-21 17:52:48,963    : Element not found with XPATH : //*[text() = 'SKIP AND CONTINUE']
2025-08-21 17:52:50,028    : Naukri Login Successful
2025-08-21 17:53:01,891    : Element not found with XPATH : //*[contains(@class, 'crossIcon')]
2025-08-21 17:53:13,419    : Element not found with XPATH : //*[@name='mobile'] | //*[@id='mob_number']
2025-08-21 17:53:16,478    : Element not found with XPATH : //*[@name='mobile'] | //*[@id='mob_number']
2025-08-21 17:53:17,818    : Profile Update Successful
2025-08-21 17:53:35,500    : Element not found with XPATH : //*[contains(@class, 'crossIcon')]
2025-08-21 17:53:42,973    : Element not found with ID : //button[@type='button']
2025-08-21 17:53:44,093    : Resume Document Upload Successful. Last Updated date = Uploaded on Aug 21, 2025
2025-08-21 17:53:46,328    : Driver Closed Successfully
2025-08-21 17:53:48,653    : Driver Quit Successfully
2025-08-21 17:53:48,655    : -----Naukri.py Script Run Ended-----

2025-08-25 21:26:48,014    : -----Naukri.py Script Run Begin-----
2025-08-25 21:26:51,552    : Google Chrome Launched!
2025-08-25 21:26:53,236    : Jobseeker's Login: Search the Best Jobs available in India & Abroad - Naukri.com
2025-08-25 21:26:53,246    : Website Loaded Successfully.
2025-08-25 21:27:10,942    : Element not found with XPATH : //*[contains(@class, 'cross-icon') or @alt='cross-icon']
2025-08-25 21:27:16,366    : Element not found with XPATH : //*[text() = 'SKIP AND CONTINUE']
2025-08-25 21:27:17,408    : Naukri Login Successful
2025-08-25 21:27:29,056    : Element not found with XPATH : //*[contains(@class, 'crossIcon')]
2025-08-25 21:27:40,392    : Element not found with XPATH : //*[@name='mobile'] | //*[@id='mob_number']
2025-08-25 21:27:43,423    : Element not found with XPATH : //*[@name='mobile'] | //*[@id='mob_number']
2025-08-25 21:27:44,648    : Profile Update Successful
2025-08-25 21:28:02,072    : Element not found with XPATH : //*[contains(@class, 'crossIcon')]
2025-08-25 21:28:09,412    : Element not found with ID : //button[@type='button']
2025-08-25 21:28:10,487    : Resume Document Upload Successful. Last Updated date = Uploaded on Aug 25, 2025
2025-08-25 21:28:12,707    : Driver Closed Successfully
2025-08-25 21:28:14,982    : Driver Quit Successfully
2025-08-25 21:28:14,983    : -----Naukri.py Script Run Ended-----

2025-08-26 19:06:29,366    : -----Naukri.py Script Run Begin-----
2025-08-26 19:07:10,859    : Google Chrome Launched!
2025-08-26 19:07:17,965    : Jobseeker's Login: Search the Best Jobs available in India & Abroad - Naukri.com
2025-08-26 19:07:17,975    : Website Loaded Successfully.
2025-08-26 19:07:43,966    : Element not found with XPATH : //*[contains(@class, 'cross-icon') or @alt='cross-icon']
2025-08-26 19:07:49,063    : Element not found with XPATH : //*[text() = 'SKIP AND CONTINUE']
2025-08-26 19:07:50,107    : Naukri Login Successful
2025-08-26 19:07:54,238    : <class 'selenium.common.exceptions.ElementNotInteractableException'> : Message: element not interactable
  (Session info: chrome=139.0.7258.139); For documentation on this error, please visit: https://www.selenium.dev/documentation/webdriver/troubleshooting/errors#elementnotinteractableexception
Stacktrace:
	GetHandleVerifier [0x0x7ff76af578d5+2802741]
	GetHandleVerifier [0x0x7ff76acbeb70+79568]
	(No symbol) [0x0x7ff76aa5bf2c]
	(No symbol) [0x0x7ff76aab3f94]
	(No symbol) [0x0x7ff76aaa5bb8]
	(No symbol) [0x0x7ff76aadac8a]
	(No symbol) [0x0x7ff76aaa5466]
	(No symbol) [0x0x7ff76aadaea0]
	(No symbol) [0x0x7ff76ab02e24]
	(No symbol) [0x0x7ff76aadaa63]
	(No symbol) [0x0x7ff76aaa3c91]
	(No symbol) [0x0x7ff76aaa4a23]
	GetHandleVerifier [0x0x7ff76af82ced+2979917]
	GetHandleVerifier [0x0x7ff76af7d0f3+2956371]
	GetHandleVerifier [0x0x7ff76af9acbd+3078173]
	GetHandleVerifier [0x0x7ff76acd836e+184014]
	GetHandleVerifier [0x0x7ff76ace024f+216495]
	GetHandleVerifier [0x0x7ff76acc70c4+113700]
	GetHandleVerifier [0x0x7ff76acc7279+114137]
	GetHandleVerifier [0x0x7ff76acadf78+10968]
	BaseThreadInitThunk [0x0x7ffda601e8d7+23]
	RtlUserThreadStart [0x0x7ffda6c7c34c+44]
 at Line 257.
2025-08-26 19:09:18,833    : Element not found with XPATH : //*[contains(@class, 'crossIcon')]
2025-08-26 19:09:23,861    : Element not found with ID : lazyAttachCV
2025-08-26 19:09:28,890    : Element not found with ID : attachCV
2025-08-26 19:09:33,918    : Element not found with ID : //button[@type='button']
2025-08-26 19:10:04,119    : Element not found with XPATH : //*[contains(@class, 'updateOn')]
2025-08-26 19:10:07,178    : Element not found with XPATH : //*[contains(@class, 'updateOn')]
2025-08-26 19:10:07,181    : Resume Document Upload failed. Last Updated date not found.
2025-08-26 19:10:09,384    : Driver Closed Successfully
2025-08-26 19:10:12,414    : Driver Quit Successfully
2025-08-26 19:10:12,415    : -----Naukri.py Script Run Ended-----

2025-08-27 15:26:39,088    : -----Naukri.py Script Run Begin-----
2025-08-27 15:26:41,717    : Google Chrome Launched!
2025-08-27 15:26:45,100    : Jobseeker's Login: Search the Best Jobs available in India & Abroad - Naukri.com
2025-08-27 15:26:45,110    : Website Loaded Successfully.
2025-08-27 15:27:03,298    : Element not found with XPATH : //*[contains(@class, 'cross-icon') or @alt='cross-icon']
2025-08-27 15:27:08,335    : Element not found with XPATH : //*[text() = 'SKIP AND CONTINUE']
2025-08-27 15:27:09,370    : Naukri Login Successful
2025-08-27 15:27:21,424    : Element not found with XPATH : //*[contains(@class, 'crossIcon')]
2025-08-27 15:27:32,772    : Element not found with XPATH : //*[@name='mobile'] | //*[@id='mob_number']
2025-08-27 15:27:35,806    : Element not found with XPATH : //*[@name='mobile'] | //*[@id='mob_number']
2025-08-27 15:27:37,010    : Profile Update Successful
2025-08-27 15:27:54,458    : Element not found with XPATH : //*[contains(@class, 'crossIcon')]
2025-08-27 15:28:01,888    : Element not found with ID : //button[@type='button']
2025-08-27 15:28:02,955    : Resume Document Upload Successful. Last Updated date = Uploaded on Aug 27, 2025
2025-08-27 15:28:05,206    : Driver Closed Successfully
2025-08-27 15:28:08,168    : Driver Quit Successfully
2025-08-27 15:28:08,170    : -----Naukri.py Script Run Ended-----

2025-09-02 11:44:59,935    : -----Naukri.py Script Run Begin-----
2025-09-02 11:45:03,110    : Google Chrome Launched!
2025-09-02 11:45:04,716    : Jobseeker's Login: Search the Best Jobs available in India & Abroad - Naukri.com
2025-09-02 11:45:04,740    : Website Loaded Successfully.
2025-09-02 11:45:23,028    : Element not found with XPATH : //*[contains(@class, 'cross-icon') or @alt='cross-icon']
2025-09-02 11:45:28,078    : Element not found with XPATH : //*[text() = 'SKIP AND CONTINUE']
2025-09-02 11:45:29,127    : Naukri Login Successful
2025-09-02 11:45:40,848    : Element not found with XPATH : //*[contains(@class, 'crossIcon')]
2025-09-02 11:45:52,213    : Element not found with XPATH : //*[@name='mobile'] | //*[@id='mob_number']
2025-09-02 11:45:55,256    : Element not found with XPATH : //*[@name='mobile'] | //*[@id='mob_number']
2025-09-02 11:45:56,485    : Profile Update Successful
2025-09-02 11:46:14,034    : Element not found with XPATH : //*[contains(@class, 'crossIcon')]
2025-09-02 11:46:21,447    : Element not found with ID : //button[@type='button']
2025-09-02 11:46:22,523    : Resume Document Upload Successful. Last Updated date = Uploaded on Sep 02, 2025
2025-09-02 11:46:24,824    : Driver Closed Successfully
2025-09-02 11:46:27,228    : Driver Quit Successfully
2025-09-02 11:46:27,230    : -----Naukri.py Script Run Ended-----

2025-09-13 22:17:34,233    : -----Naukri.py Script Run Begin-----
2025-09-13 22:17:35,814    : Google Chrome Launched!
2025-09-13 22:17:36,996    : Jobseeker's Login: Search the Best Jobs available in India & Abroad - Naukri.com
2025-09-13 22:17:37,001    : Website Loaded Successfully.
2025-09-13 22:17:54,230    : Element not found with XPATH : //*[contains(@class, 'cross-icon') or @alt='cross-icon']
2025-09-13 22:17:59,247    : Element not found with XPATH : //*[text() = 'SKIP AND CONTINUE']
2025-09-13 22:18:17,707    : <class 'AttributeError'> : 'NoneType' object has no attribute 'close' at Line 139.
2025-09-13 22:18:17,708    : <class 'AttributeError'> : 'NoneType' object has no attribute 'quit' at Line 146.
2025-09-13 22:18:24,196    : -----Naukri.py Script Run Begin-----
2025-09-13 22:18:25,367    : Google Chrome Launched!
2025-09-13 22:18:26,360    : Jobseeker's Login: Search the Best Jobs available in India & Abroad - Naukri.com
2025-09-13 22:18:26,364    : Website Loaded Successfully.
2025-09-13 22:18:43,628    : Element not found with XPATH : //*[contains(@class, 'cross-icon') or @alt='cross-icon']
2025-09-13 22:18:48,643    : Element not found with XPATH : //*[text() = 'SKIP AND CONTINUE']
2025-09-13 22:18:49,665    : Naukri Login Successful
2025-09-13 22:19:00,973    : Element not found with XPATH : //*[contains(@class, 'crossIcon')]
2025-09-13 22:19:12,083    : Element not found with XPATH : //*[@name='mobile'] | //*[@id='mob_number']
2025-09-13 22:19:15,089    : Element not found with XPATH : //*[@name='mobile'] | //*[@id='mob_number']
2025-09-13 22:19:16,149    : Profile Update Successful
2025-09-13 22:19:33,353    : Element not found with XPATH : //*[contains(@class, 'crossIcon')]
2025-09-13 22:19:40,450    : Element not found with ID : //button[@type='button']
2025-09-13 22:19:41,486    : Resume Document Upload Successful. Last Updated date = Uploaded on Sep 13, 2025
2025-09-13 22:19:43,589    : Driver Closed Successfully
2025-09-13 22:19:45,736    : Driver Quit Successfully
2025-09-13 22:19:45,736    : -----Naukri.py Script Run Ended-----

2025-09-14 10:55:19,269    : -----Naukri.py Script Run Begin-----
2025-09-14 10:55:21,527    : Google Chrome Launched!
2025-09-14 10:55:22,934    : Jobseeker's Login: Search the Best Jobs available in India & Abroad - Naukri.com
2025-09-14 10:55:22,937    : Website Loaded Successfully.
2025-09-14 10:55:40,233    : Element not found with XPATH : //*[contains(@class, 'cross-icon') or @alt='cross-icon']
2025-09-14 10:55:45,232    : Element not found with XPATH : //*[text() = 'SKIP AND CONTINUE']
2025-09-14 10:55:46,244    : Naukri Login Successful
2025-09-14 10:55:57,532    : Element not found with XPATH : //*[contains(@class, 'crossIcon')]
2025-09-14 10:56:08,611    : Element not found with XPATH : //*[@name='mobile'] | //*[@id='mob_number']
2025-09-14 10:56:11,682    : Element not found with XPATH : //*[@name='mobile'] | //*[@id='mob_number']
2025-09-14 10:56:12,772    : Profile Update Successful
2025-09-14 10:56:30,005    : Element not found with XPATH : //*[contains(@class, 'crossIcon')]
2025-09-14 10:56:37,096    : Element not found with ID : //button[@type='button']
2025-09-14 10:56:38,120    : Resume Document Upload Successful. Last Updated date = Uploaded on Sep 14, 2025
2025-09-14 10:56:40,233    : Driver Closed Successfully
2025-09-14 10:56:42,399    : Driver Quit Successfully
2025-09-14 10:56:42,399    : -----Naukri.py Script Run Ended-----

2025-09-14 10:57:58,667    : -----Naukri.py Script Run Begin-----
2025-09-14 10:57:59,826    : Google Chrome Launched!
2025-09-14 10:58:01,313    : Jobseeker's Login: Search the Best Jobs available in India & Abroad - Naukri.com
2025-09-14 10:58:01,317    : Website Loaded Successfully.
2025-09-14 10:58:18,546    : Element not found with XPATH : //*[contains(@class, 'cross-icon') or @alt='cross-icon']
2025-09-14 10:58:23,552    : Element not found with XPATH : //*[text() = 'SKIP AND CONTINUE']
2025-09-14 10:58:24,567    : Naukri Login Successful
2025-09-14 10:58:35,876    : Element not found with XPATH : //*[contains(@class, 'crossIcon')]
2025-09-14 10:58:46,980    : Element not found with XPATH : //*[@name='mobile'] | //*[@id='mob_number']
2025-09-14 10:58:50,046    : Element not found with XPATH : //*[@name='mobile'] | //*[@id='mob_number']
2025-09-14 10:58:51,115    : Profile Update Successful
2025-09-14 10:59:08,280    : Element not found with XPATH : //*[contains(@class, 'crossIcon')]
2025-09-14 10:59:15,387    : Element not found with ID : //button[@type='button']
2025-09-14 10:59:16,414    : Resume Document Upload Successful. Last Updated date = Uploaded on Sep 14, 2025
2025-09-14 10:59:18,527    : Driver Closed Successfully
2025-09-14 10:59:20,685    : Driver Quit Successfully
2025-09-14 10:59:20,685    : -----Naukri.py Script Run Ended-----

2025-09-14 11:13:07,254    : -----Naukri.py Script Run Begin-----
2025-09-14 11:13:08,405    : Google Chrome Launched!
2025-09-14 11:13:09,432    : Jobseeker's Login: Search the Best Jobs available in India & Abroad - Naukri.com
2025-09-14 11:13:09,436    : Website Loaded Successfully.
2025-09-14 11:13:26,707    : Element not found with XPATH : //*[contains(@class, 'cross-icon') or @alt='cross-icon']
2025-09-14 11:13:31,703    : Element not found with XPATH : //*[text() = 'SKIP AND CONTINUE']
2025-09-14 11:13:32,714    : Naukri Login Successful
2025-09-14 11:13:44,007    : Element not found with XPATH : //*[contains(@class, 'crossIcon')]
2025-09-14 11:13:55,105    : Element not found with XPATH : //*[@name='mobile'] | //*[@id='mob_number']
2025-09-14 11:13:58,163    : Element not found with XPATH : //*[@name='mobile'] | //*[@id='mob_number']
2025-09-14 11:13:59,247    : Profile Update Successful
2025-09-14 11:14:16,436    : Element not found with XPATH : //*[contains(@class, 'crossIcon')]
2025-09-14 11:14:23,562    : Element not found with ID : //button[@type='button']
2025-09-14 11:14:24,590    : Resume Document Upload Successful. Last Updated date = Uploaded on Sep 14, 2025
2025-09-14 11:14:26,708    : Driver Closed Successfully
2025-09-14 11:14:28,898    : Driver Quit Successfully
2025-09-14 11:14:28,898    : -----Naukri.py Script Run Ended-----

2025-09-14 11:14:51,536    : -----Naukri.py Script Run Begin-----
2025-09-14 11:14:52,662    : Google Chrome Launched!
2025-09-14 11:14:53,866    : Jobseeker's Login: Search the Best Jobs available in India & Abroad - Naukri.com
2025-09-14 11:14:53,871    : Website Loaded Successfully.
2025-09-14 11:15:11,113    : Element not found with XPATH : //*[contains(@class, 'cross-icon') or @alt='cross-icon']
2025-09-14 11:15:16,115    : Element not found with XPATH : //*[text() = 'SKIP AND CONTINUE']
2025-09-14 11:15:17,129    : Naukri Login Successful
2025-09-14 11:15:28,417    : Element not found with XPATH : //*[contains(@class, 'crossIcon')]
2025-09-14 11:15:39,537    : Element not found with XPATH : //*[@name='mobile'] | //*[@id='mob_number']
2025-09-14 11:15:42,583    : Element not found with XPATH : //*[@name='mobile'] | //*[@id='mob_number']
2025-09-14 11:15:43,641    : Profile Update Successful
2025-09-14 11:16:00,875    : Element not found with XPATH : //*[contains(@class, 'crossIcon')]
2025-09-14 11:16:07,984    : Element not found with ID : //button[@type='button']
2025-09-14 11:16:09,009    : Resume Document Upload Successful. Last Updated date = Uploaded on Sep 14, 2025
2025-09-14 11:16:11,114    : Driver Closed Successfully
2025-09-14 11:16:13,269    : Driver Quit Successfully
2025-09-14 11:16:13,269    : -----Naukri.py Script Run Ended-----

2025-09-14 11:16:36,468    : -----Naukri.py Script Run Begin-----
2025-09-14 11:16:37,580    : Google Chrome Launched!
2025-09-14 11:16:38,837    : Jobseeker's Login: Search the Best Jobs available in India & Abroad - Naukri.com
2025-09-14 11:16:38,840    : Website Loaded Successfully.
2025-09-14 11:16:56,114    : Element not found with XPATH : //*[contains(@class, 'cross-icon') or @alt='cross-icon']
2025-09-14 11:17:01,130    : Element not found with XPATH : //*[text() = 'SKIP AND CONTINUE']
2025-09-14 11:17:02,145    : Naukri Login Successful
2025-09-14 11:17:13,432    : Element not found with XPATH : //*[contains(@class, 'crossIcon')]
2025-09-14 11:17:24,532    : Element not found with XPATH : //*[@name='mobile'] | //*[@id='mob_number']
2025-09-14 11:17:27,536    : Element not found with XPATH : //*[@name='mobile'] | //*[@id='mob_number']
2025-09-14 11:17:28,604    : Profile Update Successful
2025-09-14 11:17:45,764    : Element not found with XPATH : //*[contains(@class, 'crossIcon')]
2025-09-14 11:17:52,870    : Element not found with ID : //button[@type='button']
2025-09-14 11:17:53,897    : Resume Document Upload Successful. Last Updated date = Uploaded on Sep 14, 2025
2025-09-14 11:17:56,007    : Driver Closed Successfully
2025-09-14 11:17:58,144    : Driver Quit Successfully
2025-09-14 11:17:58,144    : -----Naukri.py Script Run Ended-----

2025-09-20 10:49:09,875    : -----Naukri.py Script Run Begin-----
2025-09-20 10:49:13,663    : Google Chrome Launched!
2025-09-20 10:49:14,981    : Jobseeker's Login: Search the Best Jobs available in India & Abroad - Naukri.com
2025-09-20 10:49:14,991    : Website Loaded Successfully.
2025-09-20 10:49:33,011    : Element not found with XPATH : //*[contains(@class, 'cross-icon') or @alt='cross-icon']
2025-09-20 10:49:38,045    : Element not found with XPATH : //*[text() = 'SKIP AND CONTINUE']
2025-09-20 10:49:39,090    : Naukri Login Successful
2025-09-20 10:49:50,849    : Element not found with XPATH : //*[contains(@class, 'crossIcon')]
2025-09-20 10:50:02,197    : Element not found with XPATH : //*[@name='mobile'] | //*[@id='mob_number']
2025-09-20 10:50:05,220    : Element not found with XPATH : //*[@name='mobile'] | //*[@id='mob_number']
2025-09-20 10:50:06,508    : Profile Update Successful
2025-09-20 10:50:23,854    : Element not found with XPATH : //*[contains(@class, 'crossIcon')]
2025-09-20 10:50:31,259    : Element not found with ID : //button[@type='button']
2025-09-20 10:50:32,320    : Resume Document Upload Successful. Last Updated date = Uploaded on Sep 20, 2025
2025-09-20 10:50:34,565    : Driver Closed Successfully
2025-09-20 10:50:36,950    : Driver Quit Successfully
2025-09-20 10:50:36,950    : -----Naukri.py Script Run Ended-----

2025-09-20 10:50:46,874    : -----Naukri.py Script Run Begin-----
2025-09-20 10:50:49,405    : Google Chrome Launched!
2025-09-20 10:50:50,796    : Jobseeker's Login: Search the Best Jobs available in India & Abroad - Naukri.com
2025-09-20 10:50:50,805    : Website Loaded Successfully.
2025-09-20 10:51:08,537    : Element not found with XPATH : //*[contains(@class, 'cross-icon') or @alt='cross-icon']
2025-09-20 10:51:13,573    : Element not found with XPATH : //*[text() = 'SKIP AND CONTINUE']
2025-09-20 10:51:14,611    : Naukri Login Successful
2025-09-20 10:51:26,305    : Element not found with XPATH : //*[contains(@class, 'crossIcon')]
2025-09-20 10:51:37,631    : Element not found with XPATH : //*[@name='mobile'] | //*[@id='mob_number']
2025-09-20 10:51:40,711    : Element not found with XPATH : //*[@name='mobile'] | //*[@id='mob_number']
2025-09-20 10:51:41,919    : Profile Update Successful
2025-09-20 10:51:59,259    : Element not found with XPATH : //*[contains(@class, 'crossIcon')]
2025-09-20 10:52:06,613    : Element not found with ID : //button[@type='button']
2025-09-20 10:52:07,672    : Resume Document Upload Successful. Last Updated date = Uploaded on Sep 20, 2025
2025-09-20 10:52:10,035    : Driver Closed Successfully
2025-09-20 10:52:12,323    : Driver Quit Successfully
2025-09-20 10:52:12,324    : -----Naukri.py Script Run Ended-----

2025-09-22 14:48:40,427    : -----Naukri.py Script Run Begin-----
2025-09-22 14:48:42,079    : Google Chrome Launched!
2025-09-22 14:48:43,420    : Jobseeker's Login: Search the Best Jobs available in India & Abroad - Naukri.com
2025-09-22 14:48:43,425    : Website Loaded Successfully.
2025-09-22 14:49:00,636    : Element not found with XPATH : //*[contains(@class, 'cross-icon') or @alt='cross-icon']
2025-09-22 14:49:05,698    : Element not found with XPATH : //*[text() = 'SKIP AND CONTINUE']
2025-09-22 14:49:06,711    : Naukri Login Successful
2025-09-22 14:49:08,823    : <class 'selenium.common.exceptions.ElementClickInterceptedException'> : Message: element click intercepted: Element <a href="/mnjuser/profile">...</a> is not clickable at point (315, 321). Other element would receive the click: <div id="_v2ikcbxen2" class="chatbot_Overlay show"></div>
  (Session info: chrome=140.0.7339.128); For documentation on this error, please visit: https://www.selenium.dev/documentation/webdriver/troubleshooting/errors#elementclickinterceptedexception
Stacktrace:
	GetHandleVerifier [0x0x7ff7299430f5+79493]
	GetHandleVerifier [0x0x7ff729943150+79584]
	(No symbol) [0x0x7ff7296c01ba]
	(No symbol) [0x0x7ff7297201f9]
	(No symbol) [0x0x7ff72971db7e]
	(No symbol) [0x0x7ff72971aac1]
	(No symbol) [0x0x7ff7297199b0]
	(No symbol) [0x0x7ff72970af58]
	(No symbol) [0x0x7ff72974070a]
	(No symbol) [0x0x7ff72970a7e6]
	(No symbol) [0x0x7ff729740920]
	(No symbol) [0x0x7ff729768b8b]
	(No symbol) [0x0x7ff7297404e3]
	(No symbol) [0x0x7ff729708e92]
	(No symbol) [0x0x7ff729709c63]
	GetHandleVerifier [0x0x7ff729c00dbd+2954061]
	GetHandleVerifier [0x0x7ff729bfb02a+2930106]
	GetHandleVerifier [0x0x7ff729c1b357+3061991]
	GetHandleVerifier [0x0x7ff72995d60e+187294]
	GetHandleVerifier [0x0x7ff72996557f+219919]
	GetHandleVerifier [0x0x7ff72994c294+116772]
	GetHandleVerifier [0x0x7ff72994c449+117209]
	GetHandleVerifier [0x0x7ff729932618+11176]
	BaseThreadInitThunk [0x0x7ffa2811e8d7+23]
	RtlUserThreadStart [0x0x7ffa29408d9c+44]
 at Line 257.
2025-09-22 14:49:21,075    : Element not found with XPATH : //*[contains(@class, 'crossIcon')]
2025-09-22 14:49:28,182    : Element not found with ID : //button[@type='button']
2025-09-22 14:49:29,210    : Resume Document Upload Successful. Last Updated date = Uploaded on Sep 22, 2025
2025-09-22 14:49:31,323    : Driver Closed Successfully
2025-09-22 14:49:33,472    : Driver Quit Successfully
2025-09-22 14:49:33,473    : -----Naukri.py Script Run Ended-----

2025-09-22 14:50:51,146    : -----Naukri.py Script Run Begin-----
2025-09-22 14:50:52,303    : Google Chrome Launched!
2025-09-22 14:50:53,455    : Jobseeker's Login: Search the Best Jobs available in India & Abroad - Naukri.com
2025-09-22 14:50:53,458    : Website Loaded Successfully.
2025-09-22 14:51:10,707    : Element not found with XPATH : //*[contains(@class, 'cross-icon') or @alt='cross-icon']
2025-09-22 14:51:15,715    : Element not found with XPATH : //*[text() = 'SKIP AND CONTINUE']
2025-09-22 14:51:16,727    : Naukri Login Successful
2025-09-22 14:51:18,829    : <class 'selenium.common.exceptions.ElementClickInterceptedException'> : Message: element click intercepted: Element <a href="/mnjuser/profile">...</a> is not clickable at point (315, 321). Other element would receive the click: <div id="_vjjm6f3cc2" class="chatbot_Overlay show"></div>
  (Session info: chrome=140.0.7339.128); For documentation on this error, please visit: https://www.selenium.dev/documentation/webdriver/troubleshooting/errors#elementclickinterceptedexception
Stacktrace:
	GetHandleVerifier [0x0x7ff7299430f5+79493]
	GetHandleVerifier [0x0x7ff729943150+79584]
	(No symbol) [0x0x7ff7296c01ba]
	(No symbol) [0x0x7ff7297201f9]
	(No symbol) [0x0x7ff72971db7e]
	(No symbol) [0x0x7ff72971aac1]
	(No symbol) [0x0x7ff7297199b0]
	(No symbol) [0x0x7ff72970af58]
	(No symbol) [0x0x7ff72974070a]
	(No symbol) [0x0x7ff72970a7e6]
	(No symbol) [0x0x7ff729740920]
	(No symbol) [0x0x7ff729768b8b]
	(No symbol) [0x0x7ff7297404e3]
	(No symbol) [0x0x7ff729708e92]
	(No symbol) [0x0x7ff729709c63]
	GetHandleVerifier [0x0x7ff729c00dbd+2954061]
	GetHandleVerifier [0x0x7ff729bfb02a+2930106]
	GetHandleVerifier [0x0x7ff729c1b357+3061991]
	GetHandleVerifier [0x0x7ff72995d60e+187294]
	GetHandleVerifier [0x0x7ff72996557f+219919]
	GetHandleVerifier [0x0x7ff72994c294+116772]
	GetHandleVerifier [0x0x7ff72994c449+117209]
	GetHandleVerifier [0x0x7ff729932618+11176]
	BaseThreadInitThunk [0x0x7ffa2811e8d7+23]
	RtlUserThreadStart [0x0x7ffa29408d9c+44]
 at Line 257.
2025-09-22 14:51:31,062    : Element not found with XPATH : //*[contains(@class, 'crossIcon')]
2025-09-22 14:51:38,155    : Element not found with ID : //button[@type='button']
2025-09-22 14:51:39,187    : Resume Document Upload Successful. Last Updated date = Uploaded on Sep 22, 2025
2025-09-22 14:51:41,282    : Driver Closed Successfully
2025-09-22 14:51:43,402    : Driver Quit Successfully
2025-09-22 14:51:43,402    : -----Naukri.py Script Run Ended-----

2025-09-24 10:19:10,167    : -----Naukri.py Script Run Begin-----
2025-09-24 10:19:13,768    : Google Chrome Launched!
2025-09-24 10:19:15,520    : Jobseeker's Login: Search the Best Jobs available in India & Abroad - Naukri.com
2025-09-24 10:19:15,530    : Website Loaded Successfully.
2025-09-24 10:19:34,018    : Element not found with XPATH : //*[contains(@class, 'cross-icon') or @alt='cross-icon']
2025-09-24 10:19:39,062    : Element not found with XPATH : //*[text() = 'SKIP AND CONTINUE']
2025-09-24 10:19:40,109    : Naukri Login Successful
2025-09-24 10:19:52,144    : Element not found with XPATH : //*[contains(@class, 'crossIcon')]
2025-09-24 10:20:03,485    : Element not found with XPATH : //*[@name='mobile'] | //*[@id='mob_number']
2025-09-24 10:20:06,524    : Element not found with XPATH : //*[@name='mobile'] | //*[@id='mob_number']
2025-09-24 10:20:07,751    : Profile Update Successful
2025-09-24 10:20:25,144    : Element not found with XPATH : //*[contains(@class, 'crossIcon')]
2025-09-24 10:20:32,507    : Element not found with ID : //button[@type='button']
2025-09-24 10:20:33,572    : Resume Document Upload Successful. Last Updated date = Uploaded on Sep 24, 2025
2025-09-24 10:20:35,901    : Driver Closed Successfully
2025-09-24 10:20:38,212    : Driver Quit Successfully
2025-09-24 10:20:38,212    : -----Naukri.py Script Run Ended-----

2025-09-24 10:20:42,865    : -----Naukri.py Script Run Begin-----
2025-09-24 10:20:44,356    : Google Chrome Launched!
2025-09-24 10:20:45,748    : Jobseeker's Login: Search the Best Jobs available in India & Abroad - Naukri.com
2025-09-24 10:20:45,758    : Website Loaded Successfully.
2025-09-24 10:21:03,464    : Element not found with XPATH : //*[contains(@class, 'cross-icon') or @alt='cross-icon']
2025-09-24 10:21:08,506    : Element not found with XPATH : //*[text() = 'SKIP AND CONTINUE']
2025-09-24 10:21:09,544    : Naukri Login Successful
2025-09-24 10:21:21,188    : Element not found with XPATH : //*[contains(@class, 'crossIcon')]
2025-09-24 10:21:32,500    : Element not found with XPATH : //*[@name='mobile'] | //*[@id='mob_number']
2025-09-24 10:21:35,560    : Element not found with XPATH : //*[@name='mobile'] | //*[@id='mob_number']
2025-09-24 10:21:36,759    : Profile Update Successful
2025-09-24 10:21:54,121    : Element not found with XPATH : //*[contains(@class, 'crossIcon')]
2025-09-24 10:22:01,455    : Element not found with ID : //button[@type='button']
2025-09-24 10:22:02,526    : Resume Document Upload Successful. Last Updated date = Uploaded on Sep 24, 2025
2025-09-24 10:22:04,755    : Driver Closed Successfully
2025-09-24 10:22:07,058    : Driver Quit Successfully
2025-09-24 10:22:07,058    : -----Naukri.py Script Run Ended-----

2025-09-26 10:33:34,963    : -----Naukri.py Script Run Begin-----
2025-09-26 10:33:36,683    : Google Chrome Launched!
2025-09-26 10:33:37,936    : Jobseeker's Login: Search the Best Jobs available in India & Abroad - Naukri.com
2025-09-26 10:33:37,943    : Website Loaded Successfully.
2025-09-26 10:33:55,443    : Element not found with XPATH : //*[contains(@class, 'cross-icon') or @alt='cross-icon']
2025-09-26 10:34:00,467    : Element not found with XPATH : //*[text() = 'SKIP AND CONTINUE']
2025-09-26 10:34:01,502    : Naukri Login Successful
2025-09-26 10:34:12,969    : Element not found with XPATH : //*[contains(@class, 'crossIcon')]
2025-09-26 10:34:24,117    : Element not found with XPATH : //*[@name='mobile'] | //*[@id='mob_number']
2025-09-26 10:34:27,132    : Element not found with XPATH : //*[@name='mobile'] | //*[@id='mob_number']
2025-09-26 10:34:28,215    : Profile Update Successful
2025-09-26 10:34:45,594    : Element not found with XPATH : //*[contains(@class, 'crossIcon')]
2025-09-26 10:34:52,843    : Element not found with ID : //button[@type='button']
2025-09-26 10:34:53,872    : Resume Document Upload Successful. Last Updated date = Uploaded on Sep 26, 2025
2025-09-26 10:34:55,986    : Driver Closed Successfully
2025-09-26 10:34:58,125    : Driver Quit Successfully
2025-09-26 10:34:58,125    : -----Naukri.py Script Run Ended-----

2025-09-26 10:35:32,938    : -----Naukri.py Script Run Begin-----
2025-09-26 10:35:34,064    : Google Chrome Launched!
2025-09-26 10:35:35,121    : Jobseeker's Login: Search the Best Jobs available in India & Abroad - Naukri.com
2025-09-26 10:35:35,125    : Website Loaded Successfully.
2025-09-26 10:35:52,377    : Element not found with XPATH : //*[contains(@class, 'cross-icon') or @alt='cross-icon']
2025-09-26 10:35:57,379    : Element not found with XPATH : //*[text() = 'SKIP AND CONTINUE']
2025-09-26 10:35:58,397    : Naukri Login Successful
2025-09-26 10:36:09,695    : Element not found with XPATH : //*[contains(@class, 'crossIcon')]
2025-09-26 10:36:20,790    : Element not found with XPATH : //*[@name='mobile'] | //*[@id='mob_number']
2025-09-26 10:36:23,817    : Element not found with XPATH : //*[@name='mobile'] | //*[@id='mob_number']
2025-09-26 10:36:24,880    : Profile Update Successful
2025-09-26 10:36:42,130    : Element not found with XPATH : //*[contains(@class, 'crossIcon')]
2025-09-26 10:36:49,224    : Element not found with ID : //button[@type='button']
2025-09-26 10:36:50,261    : Resume Document Upload Successful. Last Updated date = Uploaded on Sep 26, 2025
2025-09-26 10:36:52,391    : Driver Closed Successfully
2025-09-26 10:36:54,549    : Driver Quit Successfully
2025-09-26 10:36:54,549    : -----Naukri.py Script Run Ended-----

2025-10-07 11:24:59,390    : -----Naukri.py Script Run Begin-----
2025-10-07 11:25:05,040    : Google Chrome Launched!
2025-10-07 11:25:06,402    : Jobseeker's Login: Search the Best Jobs available in India & Abroad - Naukri.com
2025-10-07 11:25:06,410    : Website Loaded Successfully.
2025-10-07 11:25:24,174    : Element not found with XPATH : //*[contains(@class, 'cross-icon') or @alt='cross-icon']
2025-10-07 11:25:29,293    : Element not found with XPATH : //*[text() = 'SKIP AND CONTINUE']
2025-10-07 11:25:30,343    : Naukri Login Successful
2025-10-07 11:25:32,591    : <class 'selenium.common.exceptions.ElementClickInterceptedException'> : Message: element click intercepted: Element <a href="/mnjuser/profile">...</a> is not clickable at point (315, 321). Other element would receive the click: <div id="_vc2v8xw022" class="chatbot_Overlay show"></div>
  (Session info: chrome=140.0.7339.208); For documentation on this error, please visit: https://www.selenium.dev/documentation/webdriver/troubleshooting/errors#elementclickinterceptedexception
Stacktrace:
	GetHandleVerifier [0x0x7ff678541eb5+80197]
	GetHandleVerifier [0x0x7ff678541f10+80288]
	(No symbol) [0x0x7ff6782c02fa]
	(No symbol) [0x0x7ff67831fe69]
	(No symbol) [0x0x7ff67831d7ee]
	(No symbol) [0x0x7ff67831a731]
	(No symbol) [0x0x7ff678319620]
	(No symbol) [0x0x7ff67830abc8]
	(No symbol) [0x0x7ff67834037a]
	(No symbol) [0x0x7ff67830a456]
	(No symbol) [0x0x7ff678340590]
	(No symbol) [0x0x7ff6783687fb]
	(No symbol) [0x0x7ff678340153]
	(No symbol) [0x0x7ff678308b02]
	(No symbol) [0x0x7ff6783098d3]
	GetHandleVerifier [0x0x7ff6787fe83d+2949837]
	GetHandleVerifier [0x0x7ff6787f8c6a+2926330]
	GetHandleVerifier [0x0x7ff6788186c7+3055959]
	GetHandleVerifier [0x0x7ff67855cfee+191102]
	GetHandleVerifier [0x0x7ff6785650af+224063]
	GetHandleVerifier [0x0x7ff67854af64+117236]
	GetHandleVerifier [0x0x7ff67854b119+117673]
	GetHandleVerifier [0x0x7ff6785310a8+11064]
	BaseThreadInitThunk [0x0x7ffa2811e8d7+23]
	RtlUserThreadStart [0x0x7ffa29408d9c+44]
 at Line 257.
2025-10-07 11:25:45,163    : Element not found with XPATH : //*[contains(@class, 'crossIcon')]
2025-10-07 11:25:52,575    : Element not found with ID : //button[@type='button']
2025-10-07 11:25:53,714    : Resume Document Upload Successful. Last Updated date = Uploaded on Oct 07, 2025
2025-10-07 11:25:55,961    : Driver Closed Successfully
2025-10-07 11:25:58,842    : Driver Quit Successfully
2025-10-07 11:25:58,844    : -----Naukri.py Script Run Ended-----

2025-10-07 11:26:05,130    : -----Naukri.py Script Run Begin-----
2025-10-07 11:26:06,794    : Google Chrome Launched!
2025-10-07 11:26:08,178    : Jobseeker's Login: Search the Best Jobs available in India & Abroad - Naukri.com
2025-10-07 11:26:08,187    : Website Loaded Successfully.
2025-10-07 11:26:25,939    : Element not found with XPATH : //*[contains(@class, 'cross-icon') or @alt='cross-icon']
2025-10-07 11:26:30,977    : Element not found with XPATH : //*[text() = 'SKIP AND CONTINUE']
2025-10-07 11:26:32,018    : Naukri Login Successful
2025-10-07 11:26:34,135    : <class 'selenium.common.exceptions.ElementClickInterceptedException'> : Message: element click intercepted: Element <a href="/mnjuser/profile">...</a> is not clickable at point (315, 321). Other element would receive the click: <div id="_lyg5xh4i92" class="chatbot_Overlay show"></div>
  (Session info: chrome=140.0.7339.208); For documentation on this error, please visit: https://www.selenium.dev/documentation/webdriver/troubleshooting/errors#elementclickinterceptedexception
Stacktrace:
	GetHandleVerifier [0x0x7ff678541eb5+80197]
	GetHandleVerifier [0x0x7ff678541f10+80288]
	(No symbol) [0x0x7ff6782c02fa]
	(No symbol) [0x0x7ff67831fe69]
	(No symbol) [0x0x7ff67831d7ee]
	(No symbol) [0x0x7ff67831a731]
	(No symbol) [0x0x7ff678319620]
	(No symbol) [0x0x7ff67830abc8]
	(No symbol) [0x0x7ff67834037a]
	(No symbol) [0x0x7ff67830a456]
	(No symbol) [0x0x7ff678340590]
	(No symbol) [0x0x7ff6783687fb]
	(No symbol) [0x0x7ff678340153]
	(No symbol) [0x0x7ff678308b02]
	(No symbol) [0x0x7ff6783098d3]
	GetHandleVerifier [0x0x7ff6787fe83d+2949837]
	GetHandleVerifier [0x0x7ff6787f8c6a+2926330]
	GetHandleVerifier [0x0x7ff6788186c7+3055959]
	GetHandleVerifier [0x0x7ff67855cfee+191102]
	GetHandleVerifier [0x0x7ff6785650af+224063]
	GetHandleVerifier [0x0x7ff67854af64+117236]
	GetHandleVerifier [0x0x7ff67854b119+117673]
	GetHandleVerifier [0x0x7ff6785310a8+11064]
	BaseThreadInitThunk [0x0x7ffa2811e8d7+23]
	RtlUserThreadStart [0x0x7ffa29408d9c+44]
 at Line 257.
2025-10-07 11:26:46,666    : Element not found with XPATH : //*[contains(@class, 'crossIcon')]
2025-10-07 11:26:54,111    : Element not found with ID : //button[@type='button']
2025-10-07 11:26:55,189    : Resume Document Upload Successful. Last Updated date = Uploaded on Oct 07, 2025
2025-10-07 11:26:57,470    : Driver Closed Successfully
2025-10-07 11:26:59,788    : Driver Quit Successfully
2025-10-07 11:26:59,788    : -----Naukri.py Script Run Ended-----

2025-10-08 12:10:45,777    : -----Naukri.py Script Run Begin-----
2025-10-08 12:10:50,708    : Google Chrome Launched!
2025-10-08 12:10:52,598    : Jobseeker's Login: Search the Best Jobs available in India & Abroad - Naukri.com
2025-10-08 12:10:52,606    : Website Loaded Successfully.
2025-10-08 12:11:11,708    : Element not found with XPATH : //*[contains(@class, 'cross-icon') or @alt='cross-icon']
2025-10-08 12:11:16,729    : Element not found with XPATH : //*[text() = 'SKIP AND CONTINUE']
2025-10-08 12:11:17,759    : Naukri Login Successful
2025-10-08 12:11:19,861    : <class 'selenium.common.exceptions.ElementClickInterceptedException'> : Message: element click intercepted: Element <a href="/mnjuser/profile">...</a> is not clickable at point (315, 321). Other element would receive the click: <div id="_2kmjyt00a2" class="chatbot_Overlay show"></div>
  (Session info: chrome=140.0.7339.208); For documentation on this error, please visit: https://www.selenium.dev/documentation/webdriver/troubleshooting/errors#elementclickinterceptedexception
Stacktrace:
	GetHandleVerifier [0x0x7ff68bbb1eb5+80197]
	GetHandleVerifier [0x0x7ff68bbb1f10+80288]
	(No symbol) [0x0x7ff68b9302fa]
	(No symbol) [0x0x7ff68b98fe69]
	(No symbol) [0x0x7ff68b98d7ee]
	(No symbol) [0x0x7ff68b98a731]
	(No symbol) [0x0x7ff68b989620]
	(No symbol) [0x0x7ff68b97abc8]
	(No symbol) [0x0x7ff68b9b037a]
	(No symbol) [0x0x7ff68b97a456]
	(No symbol) [0x0x7ff68b9b0590]
	(No symbol) [0x0x7ff68b9d87fb]
	(No symbol) [0x0x7ff68b9b0153]
	(No symbol) [0x0x7ff68b978b02]
	(No symbol) [0x0x7ff68b9798d3]
	GetHandleVerifier [0x0x7ff68be6e83d+2949837]
	GetHandleVerifier [0x0x7ff68be68c6a+2926330]
	GetHandleVerifier [0x0x7ff68be886c7+3055959]
	GetHandleVerifier [0x0x7ff68bbccfee+191102]
	GetHandleVerifier [0x0x7ff68bbd50af+224063]
	GetHandleVerifier [0x0x7ff68bbbaf64+117236]
	GetHandleVerifier [0x0x7ff68bbbb119+117673]
	GetHandleVerifier [0x0x7ff68bba10a8+11064]
	BaseThreadInitThunk [0x0x7ffa2811e8d7+23]
	RtlUserThreadStart [0x0x7ffa29408d9c+44]
 at Line 257.
2025-10-08 12:11:32,291    : Element not found with XPATH : //*[contains(@class, 'crossIcon')]
2025-10-08 12:11:39,539    : Element not found with ID : //button[@type='button']
2025-10-08 12:11:40,596    : Resume Document Upload Successful. Last Updated date = Uploaded on Oct 08, 2025
2025-10-08 12:11:42,737    : Driver Closed Successfully
2025-10-08 12:11:44,973    : Driver Quit Successfully
2025-10-08 12:11:44,973    : -----Naukri.py Script Run Ended-----

2025-10-08 12:12:01,105    : -----Naukri.py Script Run Begin-----
2025-10-08 12:12:02,426    : Google Chrome Launched!
2025-10-08 12:12:04,288    : Jobseeker's Login: Search the Best Jobs available in India & Abroad - Naukri.com
2025-10-08 12:12:04,294    : Website Loaded Successfully.
2025-10-08 12:12:21,748    : Element not found with XPATH : //*[contains(@class, 'cross-icon') or @alt='cross-icon']
2025-10-08 12:12:26,766    : Element not found with XPATH : //*[text() = 'SKIP AND CONTINUE']
2025-10-08 12:12:27,794    : Naukri Login Successful
2025-10-08 12:12:39,376    : Element not found with XPATH : //*[contains(@class, 'crossIcon')]
2025-10-08 12:12:50,627    : Element not found with XPATH : //*[@name='mobile'] | //*[@id='mob_number']
2025-10-08 12:12:53,658    : Element not found with XPATH : //*[@name='mobile'] | //*[@id='mob_number']
2025-10-08 12:12:54,792    : Profile Update Successful
2025-10-08 12:13:12,130    : Element not found with XPATH : //*[contains(@class, 'crossIcon')]
2025-10-08 12:13:19,365    : Element not found with ID : //button[@type='button']
2025-10-08 12:13:20,421    : Resume Document Upload Successful. Last Updated date = Uploaded on Oct 08, 2025
2025-10-08 12:13:22,563    : Driver Closed Successfully
2025-10-08 12:13:24,802    : Driver Quit Successfully
2025-10-08 12:13:24,802    : -----Naukri.py Script Run Ended-----

2025-10-09 10:06:24,131    : -----Naukri.py Script Run Begin-----
2025-10-09 10:06:26,235    : Google Chrome Launched!
2025-10-09 10:06:27,580    : Jobseeker's Login: Search the Best Jobs available in India & Abroad - Naukri.com
2025-10-09 10:06:27,590    : Website Loaded Successfully.
2025-10-09 10:06:45,296    : Element not found with XPATH : //*[contains(@class, 'cross-icon') or @alt='cross-icon']
2025-10-09 10:06:50,574    : Element not found with XPATH : //*[text() = 'SKIP AND CONTINUE']
2025-10-09 10:06:51,617    : Naukri Login Successful
2025-10-09 10:07:03,349    : Element not found with XPATH : //*[contains(@class, 'crossIcon')]
2025-10-09 10:07:14,710    : Element not found with XPATH : //*[@name='mobile'] | //*[@id='mob_number']
2025-10-09 10:07:17,800    : Element not found with XPATH : //*[@name='mobile'] | //*[@id='mob_number']
2025-10-09 10:07:19,027    : Profile Update Successful
2025-10-09 10:07:36,446    : Element not found with XPATH : //*[contains(@class, 'crossIcon')]
2025-10-09 10:07:43,797    : Element not found with ID : //button[@type='button']
2025-10-09 10:07:44,867    : Resume Document Upload Successful. Last Updated date = Uploaded on Oct 09, 2025
2025-10-09 10:07:47,084    : Driver Closed Successfully
2025-10-09 10:07:49,436    : Driver Quit Successfully
2025-10-09 10:07:49,436    : -----Naukri.py Script Run Ended-----

2025-10-09 10:07:55,715    : -----Naukri.py Script Run Begin-----
2025-10-09 10:07:58,055    : Google Chrome Launched!
2025-10-09 10:07:59,720    : Jobseeker's Login: Search the Best Jobs available in India & Abroad - Naukri.com
2025-10-09 10:07:59,729    : Website Loaded Successfully.
2025-10-09 10:08:17,525    : Element not found with XPATH : //*[contains(@class, 'cross-icon') or @alt='cross-icon']
2025-10-09 10:08:22,561    : Element not found with XPATH : //*[text() = 'SKIP AND CONTINUE']
2025-10-09 10:08:23,599    : Naukri Login Successful
2025-10-09 10:08:35,347    : Element not found with XPATH : //*[contains(@class, 'crossIcon')]
2025-10-09 10:08:46,673    : Element not found with XPATH : //*[@name='mobile'] | //*[@id='mob_number']
2025-10-09 10:08:49,724    : Element not found with XPATH : //*[@name='mobile'] | //*[@id='mob_number']
2025-10-09 10:08:50,937    : Profile Update Successful
2025-10-09 10:09:08,370    : Element not found with XPATH : //*[contains(@class, 'crossIcon')]
2025-10-09 10:09:15,749    : Element not found with ID : //button[@type='button']
2025-10-09 10:09:16,808    : Resume Document Upload Successful. Last Updated date = Uploaded on Oct 09, 2025
2025-10-09 10:09:19,074    : Driver Closed Successfully
2025-10-09 10:09:21,387    : Driver Quit Successfully
2025-10-09 10:09:21,389    : -----Naukri.py Script Run Ended-----

2025-10-13 09:51:56,291    : -----Naukri.py Script Run Begin-----
2025-10-13 09:51:58,392    : Google Chrome Launched!
2025-10-13 09:51:59,405    : Jobseeker's Login: Search the Best Jobs available in India & Abroad - Naukri.com
2025-10-13 09:51:59,409    : Website Loaded Successfully.
2025-10-13 09:52:16,649    : Element not found with XPATH : //*[contains(@class, 'cross-icon') or @alt='cross-icon']
2025-10-13 09:52:21,646    : Element not found with XPATH : //*[text() = 'SKIP AND CONTINUE']
2025-10-13 09:52:22,657    : Naukri Login Successful
2025-10-13 09:52:34,089    : Element not found with XPATH : //*[contains(@class, 'crossIcon')]
2025-10-13 09:52:45,183    : Element not found with XPATH : //*[@name='mobile'] | //*[@id='mob_number']
2025-10-13 09:52:48,205    : Element not found with XPATH : //*[@name='mobile'] | //*[@id='mob_number']
2025-10-13 09:52:49,264    : Profile Update Successful
2025-10-13 09:53:06,636    : Element not found with XPATH : //*[contains(@class, 'crossIcon')]
2025-10-13 09:53:13,761    : Element not found with ID : //button[@type='button']
2025-10-13 09:53:14,786    : Resume Document Upload Successful. Last Updated date = Uploaded on Oct 13, 2025
2025-10-13 09:53:16,890    : Driver Closed Successfully
2025-10-13 09:53:19,025    : Driver Quit Successfully
2025-10-13 09:53:19,025    : -----Naukri.py Script Run Ended-----

2025-10-13 09:54:04,302    : -----Naukri.py Script Run Begin-----
2025-10-13 09:54:07,009    : Google Chrome Launched!
2025-10-13 09:54:08,294    : Jobseeker's Login: Search the Best Jobs available in India & Abroad - Naukri.com
2025-10-13 09:54:08,305    : Website Loaded Successfully.
2025-10-13 09:54:25,901    : Element not found with XPATH : //*[contains(@class, 'cross-icon') or @alt='cross-icon']
2025-10-13 09:54:30,932    : Element not found with XPATH : //*[text() = 'SKIP AND CONTINUE']
2025-10-13 09:54:31,962    : Naukri Login Successful
2025-10-13 09:54:43,865    : Element not found with XPATH : //*[contains(@class, 'crossIcon')]
2025-10-13 09:54:55,151    : Element not found with XPATH : //*[@name='mobile'] | //*[@id='mob_number']
2025-10-13 09:54:58,158    : Element not found with XPATH : //*[@name='mobile'] | //*[@id='mob_number']
2025-10-13 09:54:59,375    : Profile Update Successful
2025-10-13 09:55:17,015    : Element not found with XPATH : //*[contains(@class, 'crossIcon')]
2025-10-13 09:55:24,346    : Element not found with ID : //button[@type='button']
2025-10-13 09:55:25,403    : Resume Document Upload Successful. Last Updated date = Uploaded on Oct 13, 2025
2025-10-13 09:55:27,737    : Driver Closed Successfully
2025-10-13 09:55:30,021    : Driver Quit Successfully
2025-10-13 09:55:30,023    : -----Naukri.py Script Run Ended-----

2025-10-14 13:05:26,042    : -----Naukri.py Script Run Begin-----
2025-10-14 13:05:27,800    : Google Chrome Launched!
2025-10-14 13:05:29,031    : Jobseeker's Login: Search the Best Jobs available in India & Abroad - Naukri.com
2025-10-14 13:05:29,035    : Website Loaded Successfully.
2025-10-14 13:05:46,358    : Element not found with XPATH : //*[contains(@class, 'cross-icon') or @alt='cross-icon']
2025-10-14 13:05:51,388    : Element not found with XPATH : //*[text() = 'SKIP AND CONTINUE']
2025-10-14 13:05:52,423    : Naukri Login Successful
2025-10-14 13:06:04,050    : Element not found with XPATH : //*[contains(@class, 'crossIcon')]
2025-10-14 13:06:15,309    : Element not found with XPATH : //*[@name='mobile'] | //*[@id='mob_number']
2025-10-14 13:06:18,352    : Element not found with XPATH : //*[@name='mobile'] | //*[@id='mob_number']
2025-10-14 13:06:19,511    : Profile Update Successful
2025-10-14 13:06:36,987    : Element not found with XPATH : //*[contains(@class, 'crossIcon')]
2025-10-14 13:06:44,328    : Element not found with ID : //button[@type='button']
2025-10-14 13:06:45,392    : Resume Document Upload Successful. Last Updated date = Uploaded on Oct 14, 2025
2025-10-14 13:06:47,634    : Driver Closed Successfully
2025-10-14 13:06:49,907    : Driver Quit Successfully
2025-10-14 13:06:49,909    : -----Naukri.py Script Run Ended-----

2025-10-14 13:08:58,407    : -----Naukri.py Script Run Begin-----
2025-10-14 13:09:00,763    : Google Chrome Launched!
2025-10-14 13:09:02,546    : 
2025-10-14 13:09:02,550    : Website Loaded Successfully.
2025-10-14 13:09:20,246    : Element not found with XPATH : //*[contains(@class, 'cross-icon') or @alt='cross-icon']
2025-10-14 13:09:25,272    : Element not found with XPATH : //*[text() = 'SKIP AND CONTINUE']
2025-10-14 13:09:26,307    : Naukri Login Successful
2025-10-14 13:09:28,412    : <class 'selenium.common.exceptions.ElementClickInterceptedException'> : Message: element click intercepted: Element <a href="/mnjuser/profile">...</a> is not clickable at point (315, 321). Other element would receive the click: <div id="_v5fure6zx2" class="chatbot_Overlay show"></div>
  (Session info: chrome=141.0.7390.66); For documentation on this error, please visit: https://www.selenium.dev/documentation/webdriver/troubleshooting/errors#elementclickinterceptedexception
Stacktrace:
	GetHandleVerifier [0x0x7ff7ded6e955+80021]
	GetHandleVerifier [0x0x7ff7ded6e9b0+80112]
	(No symbol) [0x0x7ff7deaf060f]
	(No symbol) [0x0x7ff7deb50a39]
	(No symbol) [0x0x7ff7deb4e3be]
	(No symbol) [0x0x7ff7deb4b2e1]
	(No symbol) [0x0x7ff7deb4a1a0]
	(No symbol) [0x0x7ff7deb3b7c8]
	(No symbol) [0x0x7ff7deb7122a]
	(No symbol) [0x0x7ff7deb3b056]
	(No symbol) [0x0x7ff7deb71440]
	(No symbol) [0x0x7ff7deb9968a]
	(No symbol) [0x0x7ff7deb71003]
	(No symbol) [0x0x7ff7deb395d1]
	(No symbol) [0x0x7ff7deb3a3f3]
	GetHandleVerifier [0x0x7ff7df02dd0d+2960461]
	GetHandleVerifier [0x0x7ff7df027fca+2936586]
	GetHandleVerifier [0x0x7ff7df048a07+3070279]
	GetHandleVerifier [0x0x7ff7ded8843e+185214]
	GetHandleVerifier [0x0x7ff7ded8fe8f+216527]
	GetHandleVerifier [0x0x7ff7ded77b94+117460]
	GetHandleVerifier [0x0x7ff7ded77d4f+117903]
	GetHandleVerifier [0x0x7ff7ded5dc28+11112]
	BaseThreadInitThunk [0x0x7ffa8945e8d7+23]
	RtlUserThreadStart [0x0x7ffa89a8c53c+44]
 at Line 257.
2025-10-14 13:09:41,050    : Element not found with XPATH : //*[contains(@class, 'crossIcon')]
2025-10-14 13:09:48,357    : Element not found with ID : //button[@type='button']
2025-10-14 13:09:49,416    : Resume Document Upload Successful. Last Updated date = Uploaded on Oct 14, 2025
2025-10-14 13:09:51,671    : Driver Closed Successfully
2025-10-14 13:09:53,942    : Driver Quit Successfully
2025-10-14 13:09:53,943    : -----Naukri.py Script Run Ended-----

2025-10-18 10:51:46,152    : -----Naukri.py Script Run Begin-----
2025-10-18 10:51:49,516    : Google Chrome Launched!
2025-10-18 10:51:50,978    : Jobseeker's Login: Search the Best Jobs available in India & Abroad - Naukri.com
2025-10-18 10:51:50,985    : Website Loaded Successfully.
2025-10-18 10:52:08,665    : Element not found with XPATH : //*[contains(@class, 'cross-icon') or @alt='cross-icon']
2025-10-18 10:52:13,695    : Element not found with XPATH : //*[text() = 'SKIP AND CONTINUE']
2025-10-18 10:52:14,744    : Naukri Login Successful
2025-10-18 10:52:16,879    : <class 'selenium.common.exceptions.ElementClickInterceptedException'> : Message: element click intercepted: Element <a href="/mnjuser/profile">...</a> is not clickable at point (315, 321). Other element would receive the click: <div id="_3y0t63m192" class="chatbot_Overlay show"></div>
  (Session info: chrome=141.0.7390.108); For documentation on this error, please visit: https://www.selenium.dev/documentation/webdriver/troubleshooting/errors#elementclickinterceptedexception
Stacktrace:
	GetHandleVerifier [0x0x7ff73c81e9e5+80021]
	GetHandleVerifier [0x0x7ff73c81ea40+80112]
	(No symbol) [0x0x7ff73c5a060f]
	(No symbol) [0x0x7ff73c600a39]
	(No symbol) [0x0x7ff73c5fe3be]
	(No symbol) [0x0x7ff73c5fb2e1]
	(No symbol) [0x0x7ff73c5fa1a0]
	(No symbol) [0x0x7ff73c5eb7c8]
	(No symbol) [0x0x7ff73c62122a]
	(No symbol) [0x0x7ff73c5eb056]
	(No symbol) [0x0x7ff73c621440]
	(No symbol) [0x0x7ff73c64968a]
	(No symbol) [0x0x7ff73c621003]
	(No symbol) [0x0x7ff73c5e95d1]
	(No symbol) [0x0x7ff73c5ea3f3]
	GetHandleVerifier [0x0x7ff73caddd8d+2960445]
	GetHandleVerifier [0x0x7ff73cad804a+2936570]
	GetHandleVerifier [0x0x7ff73caf8a87+3070263]
	GetHandleVerifier [0x0x7ff73c8384ce+185214]
	GetHandleVerifier [0x0x7ff73c83ff1f+216527]
	GetHandleVerifier [0x0x7ff73c827c24+117460]
	GetHandleVerifier [0x0x7ff73c827ddf+117903]
	GetHandleVerifier [0x0x7ff73c80dcb8+11112]
	BaseThreadInitThunk [0x0x7ff9b76be8d7+23]
	RtlUserThreadStart [0x0x7ff9b870c53c+44]
 at Line 257.
2025-10-18 10:52:29,452    : Element not found with XPATH : //*[contains(@class, 'crossIcon')]
2025-10-18 10:52:36,804    : Element not found with ID : //button[@type='button']
2025-10-18 10:52:37,884    : Resume Document Upload Successful. Last Updated date = Uploaded on Oct 18, 2025
2025-10-18 10:52:40,186    : Driver Closed Successfully
2025-10-18 10:52:42,435    : Driver Quit Successfully
2025-10-18 10:52:42,435    : -----Naukri.py Script Run Ended-----

2025-10-18 10:52:59,412    : -----Naukri.py Script Run Begin-----
2025-10-18 10:53:00,950    : Google Chrome Launched!
2025-10-18 10:53:02,248    : Jobseeker's Login: Search the Best Jobs available in India & Abroad - Naukri.com
2025-10-18 10:53:02,264    : Website Loaded Successfully.
2025-10-18 10:53:20,038    : Element not found with XPATH : //*[contains(@class, 'cross-icon') or @alt='cross-icon']
2025-10-18 10:53:25,068    : Element not found with XPATH : //*[text() = 'SKIP AND CONTINUE']
2025-10-18 10:53:26,114    : Naukri Login Successful
2025-10-18 10:53:37,777    : Element not found with XPATH : //*[contains(@class, 'crossIcon')]
2025-10-18 10:53:49,062    : Element not found with XPATH : //*[@name='mobile'] | //*[@id='mob_number']
2025-10-18 10:53:52,111    : Element not found with XPATH : //*[@name='mobile'] | //*[@id='mob_number']
2025-10-18 10:53:53,305    : Profile Update Successful
2025-10-18 10:54:10,792    : Element not found with XPATH : //*[contains(@class, 'crossIcon')]
2025-10-18 10:54:18,124    : Element not found with ID : //button[@type='button']
2025-10-18 10:54:19,185    : Resume Document Upload Successful. Last Updated date = Uploaded on Oct 18, 2025
2025-10-18 10:54:21,497    : Driver Closed Successfully
2025-10-18 10:54:23,771    : Driver Quit Successfully
2025-10-18 10:54:23,771    : -----Naukri.py Script Run Ended-----

2025-10-22 08:38:04,427    : -----Naukri.py Script Run Begin-----
2025-10-22 08:38:08,233    : Google Chrome Launched!
2025-10-22 08:38:09,599    : Jobseeker's Login: Search the Best Jobs available in India & Abroad - Naukri.com
2025-10-22 08:38:09,609    : Website Loaded Successfully.
2025-10-22 08:38:27,257    : Element not found with XPATH : //*[contains(@class, 'cross-icon') or @alt='cross-icon']
2025-10-22 08:38:32,288    : Element not found with XPATH : //*[text() = 'SKIP AND CONTINUE']
2025-10-22 08:38:33,318    : Naukri Login Successful
2025-10-22 08:38:35,424    : <class 'selenium.common.exceptions.ElementClickInterceptedException'> : Message: element click intercepted: Element <a href="/mnjuser/profile">...</a> is not clickable at point (315, 321). Other element would receive the click: <div id="_g7dqkiyct2" class="chatbot_Overlay show"></div>
  (Session info: chrome=141.0.7390.109); For documentation on this error, please visit: https://www.selenium.dev/documentation/webdriver/troubleshooting/errors#elementclickinterceptedexception
Stacktrace:
	GetHandleVerifier [0x0x7ff7a7e5e8e5+80021]
	GetHandleVerifier [0x0x7ff7a7e5e940+80112]
	(No symbol) [0x0x7ff7a7be060f]
	(No symbol) [0x0x7ff7a7c40a39]
	(No symbol) [0x0x7ff7a7c3e3be]
	(No symbol) [0x0x7ff7a7c3b2e1]
	(No symbol) [0x0x7ff7a7c3a1a0]
	(No symbol) [0x0x7ff7a7c2b7c8]
	(No symbol) [0x0x7ff7a7c6122a]
	(No symbol) [0x0x7ff7a7c2b056]
	(No symbol) [0x0x7ff7a7c61440]
	(No symbol) [0x0x7ff7a7c8968a]
	(No symbol) [0x0x7ff7a7c61003]
	(No symbol) [0x0x7ff7a7c295d1]
	(No symbol) [0x0x7ff7a7c2a3f3]
	GetHandleVerifier [0x0x7ff7a811dc7d+2960429]
	GetHandleVerifier [0x0x7ff7a8117f3a+2936554]
	GetHandleVerifier [0x0x7ff7a8138977+3070247]
	GetHandleVerifier [0x0x7ff7a7e783ce+185214]
	GetHandleVerifier [0x0x7ff7a7e7fe1f+216527]
	GetHandleVerifier [0x0x7ff7a7e67b24+117460]
	GetHandleVerifier [0x0x7ff7a7e67cdf+117903]
	GetHandleVerifier [0x0x7ff7a7e4dbb8+11112]
	BaseThreadInitThunk [0x0x7ff9b76be8d7+23]
	RtlUserThreadStart [0x0x7ff9b870c53c+44]
 at Line 257.
2025-10-22 08:38:47,904    : Element not found with XPATH : //*[contains(@class, 'crossIcon')]
2025-10-22 08:38:55,221    : Element not found with ID : //button[@type='button']
2025-10-22 08:38:56,287    : Resume Document Upload Successful. Last Updated date = Uploaded on Oct 22, 2025
2025-10-22 08:38:58,531    : Driver Closed Successfully
2025-10-22 08:39:00,810    : Driver Quit Successfully
2025-10-22 08:39:00,810    : -----Naukri.py Script Run Ended-----

2025-10-22 08:40:00,420    : -----Naukri.py Script Run Begin-----
2025-10-22 08:40:02,953    : Google Chrome Launched!
2025-10-22 08:40:04,881    : Jobseeker's Login: Search the Best Jobs available in India & Abroad - Naukri.com
2025-10-22 08:40:04,886    : Website Loaded Successfully.
2025-10-22 08:40:22,513    : Element not found with XPATH : //*[contains(@class, 'cross-icon') or @alt='cross-icon']
2025-10-22 08:40:27,548    : Element not found with XPATH : //*[text() = 'SKIP AND CONTINUE']
2025-10-22 08:40:28,607    : Naukri Login Successful
2025-10-22 08:40:30,746    : <class 'selenium.common.exceptions.ElementClickInterceptedException'> : Message: element click intercepted: Element <a href="/mnjuser/profile">...</a> is not clickable at point (315, 321). Other element would receive the click: <div id="_ejeanz8an2" class="chatbot_Overlay show"></div>
  (Session info: chrome=141.0.7390.109); For documentation on this error, please visit: https://www.selenium.dev/documentation/webdriver/troubleshooting/errors#elementclickinterceptedexception
Stacktrace:
	GetHandleVerifier [0x0x7ff7a7e5e8e5+80021]
	GetHandleVerifier [0x0x7ff7a7e5e940+80112]
	(No symbol) [0x0x7ff7a7be060f]
	(No symbol) [0x0x7ff7a7c40a39]
	(No symbol) [0x0x7ff7a7c3e3be]
	(No symbol) [0x0x7ff7a7c3b2e1]
	(No symbol) [0x0x7ff7a7c3a1a0]
	(No symbol) [0x0x7ff7a7c2b7c8]
	(No symbol) [0x0x7ff7a7c6122a]
	(No symbol) [0x0x7ff7a7c2b056]
	(No symbol) [0x0x7ff7a7c61440]
	(No symbol) [0x0x7ff7a7c8968a]
	(No symbol) [0x0x7ff7a7c61003]
	(No symbol) [0x0x7ff7a7c295d1]
	(No symbol) [0x0x7ff7a7c2a3f3]
	GetHandleVerifier [0x0x7ff7a811dc7d+2960429]
	GetHandleVerifier [0x0x7ff7a8117f3a+2936554]
	GetHandleVerifier [0x0x7ff7a8138977+3070247]
	GetHandleVerifier [0x0x7ff7a7e783ce+185214]
	GetHandleVerifier [0x0x7ff7a7e7fe1f+216527]
	GetHandleVerifier [0x0x7ff7a7e67b24+117460]
	GetHandleVerifier [0x0x7ff7a7e67cdf+117903]
	GetHandleVerifier [0x0x7ff7a7e4dbb8+11112]
	BaseThreadInitThunk [0x0x7ff9b76be8d7+23]
	RtlUserThreadStart [0x0x7ff9b870c53c+44]
 at Line 257.
2025-10-22 08:40:43,289    : Element not found with XPATH : //*[contains(@class, 'crossIcon')]
2025-10-22 08:40:50,746    : Element not found with ID : //button[@type='button']
2025-10-22 08:40:51,804    : Resume Document Upload Successful. Last Updated date = Uploaded on Oct 22, 2025
2025-10-22 08:40:54,013    : Driver Closed Successfully
2025-10-22 08:40:56,842    : Driver Quit Successfully
2025-10-22 08:40:56,842    : -----Naukri.py Script Run Ended-----

2025-10-24 22:42:03,001    : -----Naukri.py Script Run Begin-----
2025-10-24 22:42:05,752    : Google Chrome Launched!
2025-10-24 22:42:07,191    : Jobseeker's Login: Search the Best Jobs available in India & Abroad - Naukri.com
2025-10-24 22:42:07,200    : Website Loaded Successfully.
2025-10-24 22:42:24,971    : Element not found with XPATH : //*[contains(@class, 'cross-icon') or @alt='cross-icon']
2025-10-24 22:42:30,008    : Element not found with XPATH : //*[text() = 'SKIP AND CONTINUE']
2025-10-24 22:42:31,043    : Naukri Login Successful
2025-10-24 22:42:43,110    : Element not found with XPATH : //*[contains(@class, 'crossIcon')]
2025-10-24 22:42:54,458    : Element not found with XPATH : //*[@name='mobile'] | //*[@id='mob_number']
2025-10-24 22:42:57,456    : Element not found with XPATH : //*[@name='mobile'] | //*[@id='mob_number']
2025-10-24 22:42:58,691    : Profile Update Successful
2025-10-24 22:43:16,059    : Element not found with XPATH : //*[contains(@class, 'crossIcon')]
2025-10-24 22:43:23,423    : Element not found with ID : //button[@type='button']
2025-10-24 22:43:24,490    : Resume Document Upload Successful. Last Updated date = Uploaded on Oct 24, 2025
2025-10-24 22:43:26,695    : Driver Closed Successfully
2025-10-24 22:43:29,003    : Driver Quit Successfully
2025-10-24 22:43:29,004    : -----Naukri.py Script Run Ended-----

2025-10-24 22:44:24,883    : -----Naukri.py Script Run Begin-----
2025-10-24 22:44:27,138    : Google Chrome Launched!
2025-10-24 22:44:28,523    : Jobseeker's Login: Search the Best Jobs available in India & Abroad - Naukri.com
2025-10-24 22:44:28,526    : Website Loaded Successfully.
2025-10-24 22:44:46,261    : Element not found with XPATH : //*[contains(@class, 'cross-icon') or @alt='cross-icon']
2025-10-24 22:44:51,302    : Element not found with XPATH : //*[text() = 'SKIP AND CONTINUE']
2025-10-24 22:44:52,339    : Naukri Login Successful
2025-10-24 22:45:04,369    : Element not found with XPATH : //*[contains(@class, 'crossIcon')]
2025-10-24 22:45:15,656    : Element not found with XPATH : //*[@name='mobile'] | //*[@id='mob_number']
2025-10-24 22:45:18,688    : Element not found with XPATH : //*[@name='mobile'] | //*[@id='mob_number']
2025-10-24 22:45:19,890    : Profile Update Successful
2025-10-24 22:45:37,288    : Element not found with XPATH : //*[contains(@class, 'crossIcon')]
2025-10-24 22:45:44,649    : Element not found with ID : //button[@type='button']
2025-10-24 22:45:45,720    : Resume Document Upload Successful. Last Updated date = Uploaded on Oct 24, 2025
2025-10-24 22:45:47,969    : Driver Closed Successfully
2025-10-24 22:45:50,296    : Driver Quit Successfully
2025-10-24 22:45:50,296    : -----Naukri.py Script Run Ended-----

2025-10-29 15:30:49,457    : -----Naukri.py Script Run Begin-----
2025-10-29 15:30:52,202    : Google Chrome Launched!
2025-10-29 15:30:53,835    : Jobseeker's Login: Search the Best Jobs available in India & Abroad - Naukri.com
2025-10-29 15:30:53,844    : Website Loaded Successfully.
2025-10-29 15:31:11,639    : Element not found with XPATH : //*[contains(@class, 'cross-icon') or @alt='cross-icon']
2025-10-29 15:31:16,691    : Element not found with XPATH : //*[text() = 'SKIP AND CONTINUE']
2025-10-29 15:31:17,737    : Naukri Login Successful
2025-10-29 15:31:30,252    : Element not found with XPATH : //*[contains(@class, 'crossIcon')]
2025-10-29 15:31:41,526    : Element not found with XPATH : //*[@name='mobile'] | //*[@id='mob_number']
2025-10-29 15:31:44,541    : Element not found with XPATH : //*[@name='mobile'] | //*[@id='mob_number']
2025-10-29 15:31:45,752    : Profile Update Successful
2025-10-29 15:32:03,114    : Element not found with XPATH : //*[contains(@class, 'crossIcon')]
2025-10-29 15:32:10,432    : Element not found with ID : //button[@type='button']
2025-10-29 15:32:11,494    : Resume Document Upload Successful. Last Updated date = Uploaded on Oct 29, 2025
2025-10-29 15:32:13,711    : Driver Closed Successfully
2025-10-29 15:32:16,028    : Driver Quit Successfully
2025-10-29 15:32:16,029    : -----Naukri.py Script Run Ended-----

2025-10-29 15:32:59,709    : -----Naukri.py Script Run Begin-----
2025-10-29 15:33:02,091    : Google Chrome Launched!
2025-10-29 15:33:03,456    : Jobseeker's Login: Search the Best Jobs available in India & Abroad - Naukri.com
2025-10-29 15:33:03,464    : Website Loaded Successfully.
2025-10-29 15:33:21,155    : Element not found with XPATH : //*[contains(@class, 'cross-icon') or @alt='cross-icon']
2025-10-29 15:33:26,185    : Element not found with XPATH : //*[text() = 'SKIP AND CONTINUE']
2025-10-29 15:33:27,221    : Naukri Login Successful
2025-10-29 15:33:29,356    : <class 'selenium.common.exceptions.ElementClickInterceptedException'> : Message: element click intercepted: Element <a href="/mnjuser/profile">...</a> is not clickable at point (315, 321). Other element would receive the click: <div id="_wud35124s2" class="chatbot_Overlay show"></div>
  (Session info: chrome=141.0.7390.123); For documentation on this error, please visit: https://www.selenium.dev/documentation/webdriver/troubleshooting/errors#elementclickinterceptedexception
Stacktrace:
	GetHandleVerifier [0x0x7ff7781ee8e5+80021]
	GetHandleVerifier [0x0x7ff7781ee940+80112]
	(No symbol) [0x0x7ff777f7060f]
	(No symbol) [0x0x7ff777fd0a39]
	(No symbol) [0x0x7ff777fce3be]
	(No symbol) [0x0x7ff777fcb2e1]
	(No symbol) [0x0x7ff777fca1a0]
	(No symbol) [0x0x7ff777fbb7c8]
	(No symbol) [0x0x7ff777ff122a]
	(No symbol) [0x0x7ff777fbb056]
	(No symbol) [0x0x7ff777ff1440]
	(No symbol) [0x0x7ff77801968a]
	(No symbol) [0x0x7ff777ff1003]
	(No symbol) [0x0x7ff777fb95d1]
	(No symbol) [0x0x7ff777fba3f3]
	GetHandleVerifier [0x0x7ff7784adc7d+2960429]
	GetHandleVerifier [0x0x7ff7784a7f3a+2936554]
	GetHandleVerifier [0x0x7ff7784c8977+3070247]
	GetHandleVerifier [0x0x7ff7782083ce+185214]
	GetHandleVerifier [0x0x7ff77820fe1f+216527]
	GetHandleVerifier [0x0x7ff7781f7b24+117460]
	GetHandleVerifier [0x0x7ff7781f7cdf+117903]
	GetHandleVerifier [0x0x7ff7781ddbb8+11112]
	BaseThreadInitThunk [0x0x7ff9b76be8d7+23]
	RtlUserThreadStart [0x0x7ff9b870c53c+44]
 at Line 257.
2025-10-29 15:33:41,894    : Element not found with XPATH : //*[contains(@class, 'crossIcon')]
2025-10-29 15:33:49,227    : Element not found with ID : //button[@type='button']
2025-10-29 15:33:50,289    : Resume Document Upload Successful. Last Updated date = Uploaded on Oct 29, 2025
2025-10-29 15:33:52,552    : Driver Closed Successfully
2025-10-29 15:33:54,819    : Driver Quit Successfully
2025-10-29 15:33:54,819    : -----Naukri.py Script Run Ended-----

2025-10-31 07:51:41,050    : -----Naukri.py Script Run Begin-----
2025-10-31 07:51:42,294    : Google Chrome Launched!
2025-10-31 07:51:43,429    : Jobseeker's Login: Search the Best Jobs available in India & Abroad - Naukri.com
2025-10-31 07:51:43,434    : Website Loaded Successfully.
2025-10-31 07:52:00,658    : Element not found with XPATH : //*[contains(@class, 'cross-icon') or @alt='cross-icon']
2025-10-31 07:52:05,657    : Element not found with XPATH : //*[text() = 'SKIP AND CONTINUE']
2025-10-31 07:52:06,668    : Naukri Login Successful
2025-10-31 07:52:08,751    : <class 'selenium.common.exceptions.ElementClickInterceptedException'> : Message: element click intercepted: Element <a href="/mnjuser/profile">...</a> is not clickable at point (315, 321). Other element would receive the click: <div id="_uo82i26352" class="chatbot_Overlay show"></div>
  (Session info: chrome=141.0.7390.123); For documentation on this error, please visit: https://www.selenium.dev/documentation/webdriver/troubleshooting/errors#elementclickinterceptedexception
Stacktrace:
	GetHandleVerifier [0x0x7ff6b17ae8e5+80021]
	GetHandleVerifier [0x0x7ff6b17ae940+80112]
	(No symbol) [0x0x7ff6b153060f]
	(No symbol) [0x0x7ff6b1590a39]
	(No symbol) [0x0x7ff6b158e3be]
	(No symbol) [0x0x7ff6b158b2e1]
	(No symbol) [0x0x7ff6b158a1a0]
	(No symbol) [0x0x7ff6b157b7c8]
	(No symbol) [0x0x7ff6b15b122a]
	(No symbol) [0x0x7ff6b157b056]
	(No symbol) [0x0x7ff6b15b1440]
	(No symbol) [0x0x7ff6b15d968a]
	(No symbol) [0x0x7ff6b15b1003]
	(No symbol) [0x0x7ff6b15795d1]
	(No symbol) [0x0x7ff6b157a3f3]
	GetHandleVerifier [0x0x7ff6b1a6dc7d+2960429]
	GetHandleVerifier [0x0x7ff6b1a67f3a+2936554]
	GetHandleVerifier [0x0x7ff6b1a88977+3070247]
	GetHandleVerifier [0x0x7ff6b17c83ce+185214]
	GetHandleVerifier [0x0x7ff6b17cfe1f+216527]
	GetHandleVerifier [0x0x7ff6b17b7b24+117460]
	GetHandleVerifier [0x0x7ff6b17b7cdf+117903]
	GetHandleVerifier [0x0x7ff6b179dbb8+11112]
	BaseThreadInitThunk [0x0x7ff9b76be8d7+23]
	RtlUserThreadStart [0x0x7ff9b870c53c+44]
 at Line 257.
2025-10-31 07:52:20,990    : Element not found with XPATH : //*[contains(@class, 'crossIcon')]
2025-10-31 07:52:28,100    : Element not found with ID : //button[@type='button']
2025-10-31 07:52:29,125    : Resume Document Upload Successful. Last Updated date = Uploaded on Oct 31, 2025
2025-10-31 07:52:31,221    : Driver Closed Successfully
2025-10-31 07:52:33,354    : Driver Quit Successfully
2025-10-31 07:52:33,355    : -----Naukri.py Script Run Ended-----

2025-10-31 07:52:42,069    : -----Naukri.py Script Run Begin-----
2025-10-31 07:52:43,193    : Google Chrome Launched!
2025-10-31 07:52:44,369    : Jobseeker's Login: Search the Best Jobs available in India & Abroad - Naukri.com
2025-10-31 07:52:44,373    : Website Loaded Successfully.
2025-10-31 07:53:01,593    : Element not found with XPATH : //*[contains(@class, 'cross-icon') or @alt='cross-icon']
2025-10-31 07:53:06,590    : Element not found with XPATH : //*[text() = 'SKIP AND CONTINUE']
2025-10-31 07:53:07,607    : Naukri Login Successful
2025-10-31 07:53:18,863    : Element not found with XPATH : //*[contains(@class, 'crossIcon')]
2025-10-31 07:53:29,950    : Element not found with XPATH : //*[@name='mobile'] | //*[@id='mob_number']
2025-10-31 07:53:32,963    : Element not found with XPATH : //*[@name='mobile'] | //*[@id='mob_number']
2025-10-31 07:53:34,033    : Profile Update Successful
2025-10-31 07:53:51,190    : Element not found with XPATH : //*[contains(@class, 'crossIcon')]
2025-10-31 07:53:58,277    : Element not found with ID : //button[@type='button']
2025-10-31 07:53:59,303    : Resume Document Upload Successful. Last Updated date = Uploaded on Oct 31, 2025
2025-10-31 07:54:01,411    : Driver Closed Successfully
2025-10-31 07:54:03,550    : Driver Quit Successfully
2025-10-31 07:54:03,550    : -----Naukri.py Script Run Ended-----

2025-10-31 11:45:15,153    : -----Naukri.py Script Run Begin-----
2025-10-31 11:45:17,787    : Google Chrome Launched!
2025-10-31 11:45:19,249    : Jobseeker's Login: Search the Best Jobs available in India & Abroad - Naukri.com
2025-10-31 11:45:19,257    : Website Loaded Successfully.
2025-10-31 11:45:36,917    : Element not found with XPATH : //*[contains(@class, 'cross-icon') or @alt='cross-icon']
2025-10-31 11:45:41,987    : Element not found with XPATH : //*[text() = 'SKIP AND CONTINUE']
2025-10-31 11:45:43,021    : Naukri Login Successful
2025-10-31 11:45:54,687    : Element not found with XPATH : //*[contains(@class, 'crossIcon')]
2025-10-31 11:46:05,955    : Element not found with XPATH : //*[@name='mobile'] | //*[@id='mob_number']
2025-10-31 11:46:08,995    : Element not found with XPATH : //*[@name='mobile'] | //*[@id='mob_number']
2025-10-31 11:46:10,254    : Profile Update Successful
2025-10-31 11:46:27,754    : Element not found with XPATH : //*[contains(@class, 'crossIcon')]
2025-10-31 11:46:35,096    : Element not found with ID : //button[@type='button']
2025-10-31 11:46:36,165    : Resume Document Upload Successful. Last Updated date = Uploaded on Oct 31, 2025
2025-10-31 11:46:38,406    : Driver Closed Successfully
2025-10-31 11:46:41,452    : Driver Quit Successfully
2025-10-31 11:46:41,454    : -----Naukri.py Script Run Ended-----

2025-10-31 11:46:46,169    : -----Naukri.py Script Run Begin-----
2025-10-31 11:46:47,666    : Google Chrome Launched!
2025-10-31 11:46:49,156    : Jobseeker's Login: Search the Best Jobs available in India & Abroad - Naukri.com
2025-10-31 11:46:49,164    : Website Loaded Successfully.
2025-10-31 11:47:06,871    : Element not found with XPATH : //*[contains(@class, 'cross-icon') or @alt='cross-icon']
2025-10-31 11:47:11,921    : Element not found with XPATH : //*[text() = 'SKIP AND CONTINUE']
2025-10-31 11:47:12,970    : Naukri Login Successful
2025-10-31 11:47:24,820    : Element not found with XPATH : //*[contains(@class, 'crossIcon')]
2025-10-31 11:47:36,143    : Element not found with XPATH : //*[@name='mobile'] | //*[@id='mob_number']
2025-10-31 11:47:39,205    : Element not found with XPATH : //*[@name='mobile'] | //*[@id='mob_number']
2025-10-31 11:47:40,417    : Profile Update Successful
2025-10-31 11:47:57,873    : Element not found with XPATH : //*[contains(@class, 'crossIcon')]
2025-10-31 11:48:05,228    : Element not found with ID : //button[@type='button']
2025-10-31 11:48:06,309    : Resume Document Upload Successful. Last Updated date = Uploaded on Oct 31, 2025
2025-10-31 11:48:08,584    : Driver Closed Successfully
2025-10-31 11:48:11,637    : Driver Quit Successfully
2025-10-31 11:48:11,637    : -----Naukri.py Script Run Ended-----

2025-11-03 09:46:35,354    : -----Naukri.py Script Run Begin-----
2025-11-03 09:46:37,046    : Google Chrome Launched!
2025-11-03 09:46:38,715    : Jobseeker's Login: Search the Best Jobs available in India & Abroad - Naukri.com
2025-11-03 09:46:38,718    : Website Loaded Successfully.
2025-11-03 09:46:55,958    : Element not found with XPATH : //*[contains(@class, 'cross-icon') or @alt='cross-icon']
2025-11-03 09:47:00,949    : Element not found with XPATH : //*[text() = 'SKIP AND CONTINUE']
2025-11-03 09:47:01,964    : Naukri Login Successful
2025-11-03 09:47:13,320    : Element not found with XPATH : //*[contains(@class, 'crossIcon')]
2025-11-03 09:47:24,414    : Element not found with XPATH : //*[@name='mobile'] | //*[@id='mob_number']
2025-11-03 09:47:27,441    : Element not found with XPATH : //*[@name='mobile'] | //*[@id='mob_number']
2025-11-03 09:47:28,519    : Profile Update Successful
2025-11-03 09:47:45,730    : Element not found with XPATH : //*[contains(@class, 'crossIcon')]
2025-11-03 09:47:52,828    : Element not found with ID : //button[@type='button']
2025-11-03 09:47:53,856    : Resume Document Upload Successful. Last Updated date = Uploaded on Nov 03, 2025
2025-11-03 09:47:55,958    : Driver Closed Successfully
2025-11-03 09:47:58,083    : Driver Quit Successfully
2025-11-03 09:47:58,083    : -----Naukri.py Script Run Ended-----

2025-11-03 09:48:01,587    : -----Naukri.py Script Run Begin-----
2025-11-03 09:48:02,714    : Google Chrome Launched!
2025-11-03 09:48:04,011    : Jobseeker's Login: Search the Best Jobs available in India & Abroad - Naukri.com
2025-11-03 09:48:04,014    : Website Loaded Successfully.
2025-11-03 09:48:21,236    : Element not found with XPATH : //*[contains(@class, 'cross-icon') or @alt='cross-icon']
2025-11-03 09:48:26,232    : Element not found with XPATH : //*[text() = 'SKIP AND CONTINUE']
2025-11-03 09:48:27,252    : Naukri Login Successful
2025-11-03 09:48:38,496    : Element not found with XPATH : //*[contains(@class, 'crossIcon')]
2025-11-03 09:48:49,572    : Element not found with XPATH : //*[@name='mobile'] | //*[@id='mob_number']
2025-11-03 09:48:52,598    : Element not found with XPATH : //*[@name='mobile'] | //*[@id='mob_number']
2025-11-03 09:48:53,657    : Profile Update Successful
2025-11-03 09:49:10,818    : Element not found with XPATH : //*[contains(@class, 'crossIcon')]
2025-11-03 09:49:17,908    : Element not found with ID : //button[@type='button']
2025-11-03 09:49:18,937    : Resume Document Upload Successful. Last Updated date = Uploaded on Nov 03, 2025
2025-11-03 09:49:21,035    : Driver Closed Successfully
2025-11-03 09:49:23,186    : Driver Quit Successfully
2025-11-03 09:49:23,186    : -----Naukri.py Script Run Ended-----

2025-11-04 06:27:53,816    : -----Naukri.py Script Run Begin-----
2025-11-04 06:27:55,612    : Google Chrome Launched!
2025-11-04 06:27:56,821    : Jobseeker's Login: Search the Best Jobs available in India & Abroad - Naukri.com
2025-11-04 06:27:56,824    : Website Loaded Successfully.
2025-11-04 06:28:16,504    : Element not found with XPATH : //*[contains(@class, 'cross-icon') or @alt='cross-icon']
2025-11-04 06:28:21,493    : Element not found with XPATH : //*[text() = 'SKIP AND CONTINUE']
2025-11-04 06:28:22,502    : Naukri Login Successful
2025-11-04 06:28:33,784    : Element not found with XPATH : //*[contains(@class, 'crossIcon')]
2025-11-04 06:28:44,872    : Element not found with XPATH : //*[@name='mobile'] | //*[@id='mob_number']
2025-11-04 06:28:47,921    : Element not found with XPATH : //*[@name='mobile'] | //*[@id='mob_number']
2025-11-04 06:28:48,995    : Profile Update Successful
2025-11-04 06:29:06,159    : Element not found with XPATH : //*[contains(@class, 'crossIcon')]
2025-11-04 06:29:13,253    : Element not found with ID : //button[@type='button']
2025-11-04 06:29:14,287    : Resume Document Upload Successful. Last Updated date = Uploaded on Nov 04, 2025
2025-11-04 06:29:16,416    : Driver Closed Successfully
2025-11-04 06:29:18,567    : Driver Quit Successfully
2025-11-04 06:29:18,567    : -----Naukri.py Script Run Ended-----

2025-11-04 06:29:21,623    : -----Naukri.py Script Run Begin-----
2025-11-04 06:29:22,739    : Google Chrome Launched!
2025-11-04 06:29:23,881    : Jobseeker's Login: Search the Best Jobs available in India & Abroad - Naukri.com
2025-11-04 06:29:23,884    : Website Loaded Successfully.
2025-11-04 06:29:41,104    : Element not found with XPATH : //*[contains(@class, 'cross-icon') or @alt='cross-icon']
2025-11-04 06:29:46,104    : Element not found with XPATH : //*[text() = 'SKIP AND CONTINUE']
2025-11-04 06:29:47,116    : Naukri Login Successful
2025-11-04 06:29:58,395    : Element not found with XPATH : //*[contains(@class, 'crossIcon')]
2025-11-04 06:30:09,480    : Element not found with XPATH : //*[@name='mobile'] | //*[@id='mob_number']
2025-11-04 06:30:12,496    : Element not found with XPATH : //*[@name='mobile'] | //*[@id='mob_number']
2025-11-04 06:30:13,573    : Profile Update Successful
2025-11-04 06:30:31,061    : Element not found with XPATH : //*[contains(@class, 'crossIcon')]
2025-11-04 06:30:38,171    : Element not found with ID : //button[@type='button']
2025-11-04 06:30:39,197    : Resume Document Upload Successful. Last Updated date = Uploaded on Nov 04, 2025
2025-11-04 06:30:41,301    : Driver Closed Successfully
2025-11-04 06:30:43,439    : Driver Quit Successfully
2025-11-04 06:30:43,439    : -----Naukri.py Script Run Ended-----

2025-11-06 07:39:14,023    : -----Naukri.py Script Run Begin-----
2025-11-06 07:39:16,449    : Google Chrome Launched!
2025-11-06 07:39:17,563    : Jobseeker's Login: Search the Best Jobs available in India & Abroad - Naukri.com
2025-11-06 07:39:17,570    : Website Loaded Successfully.
2025-11-06 07:39:36,844    : Element not found with XPATH : //*[contains(@class, 'cross-icon') or @alt='cross-icon']
2025-11-06 07:39:41,851    : Element not found with XPATH : //*[text() = 'SKIP AND CONTINUE']
2025-11-06 07:39:42,866    : Naukri Login Successful
2025-11-06 07:39:54,175    : Element not found with XPATH : //*[contains(@class, 'crossIcon')]
2025-11-06 07:40:05,342    : Element not found with XPATH : //*[@name='mobile'] | //*[@id='mob_number']
2025-11-06 07:40:08,388    : Element not found with XPATH : //*[@name='mobile'] | //*[@id='mob_number']
2025-11-06 07:40:09,544    : Profile Update Successful
2025-11-06 07:40:26,838    : Element not found with XPATH : //*[contains(@class, 'crossIcon')]
2025-11-06 07:40:34,171    : Element not found with ID : //button[@type='button']
2025-11-06 07:40:35,420    : Resume Document Upload Successful. Last Updated date = Uploaded on Nov 06, 2025
2025-11-06 07:40:37,695    : Driver Closed Successfully
2025-11-06 07:40:40,009    : Driver Quit Successfully
2025-11-06 07:40:40,011    : -----Naukri.py Script Run Ended-----

2025-11-06 07:41:11,754    : -----Naukri.py Script Run Begin-----
2025-11-06 07:41:14,287    : Google Chrome Launched!
2025-11-06 07:41:15,566    : Jobseeker's Login: Search the Best Jobs available in India & Abroad - Naukri.com
2025-11-06 07:41:15,575    : Website Loaded Successfully.
2025-11-06 07:41:33,267    : Element not found with XPATH : //*[contains(@class, 'cross-icon') or @alt='cross-icon']
2025-11-06 07:41:38,298    : Element not found with XPATH : //*[text() = 'SKIP AND CONTINUE']
2025-11-06 07:41:39,326    : Naukri Login Successful
2025-11-06 07:41:50,878    : Element not found with XPATH : //*[contains(@class, 'crossIcon')]
2025-11-06 07:42:02,168    : Element not found with XPATH : //*[@name='mobile'] | //*[@id='mob_number']
2025-11-06 07:42:05,209    : Element not found with XPATH : //*[@name='mobile'] | //*[@id='mob_number']
2025-11-06 07:42:06,418    : Profile Update Successful
2025-11-06 07:42:23,862    : Element not found with XPATH : //*[contains(@class, 'crossIcon')]
2025-11-06 07:42:31,168    : Element not found with ID : //button[@type='button']
2025-11-06 07:42:32,229    : Resume Document Upload Successful. Last Updated date = Uploaded on Nov 06, 2025
2025-11-06 07:42:34,496    : Driver Closed Successfully
2025-11-06 07:42:37,642    : Driver Quit Successfully
2025-11-06 07:42:37,642    : -----Naukri.py Script Run Ended-----

2025-11-11 12:59:39,159    : -----Naukri.py Script Run Begin-----
2025-11-11 12:59:42,334    : Google Chrome Launched!
2025-11-11 12:59:43,490    : Jobseeker's Login: Search the Best Jobs available in India & Abroad - Naukri.com
2025-11-11 12:59:43,496    : Website Loaded Successfully.
2025-11-11 13:00:00,968    : Element not found with XPATH : //*[contains(@class, 'cross-icon') or @alt='cross-icon']
2025-11-11 13:00:06,014    : Element not found with XPATH : //*[text() = 'SKIP AND CONTINUE']
2025-11-11 13:00:07,054    : Naukri Login Successful
2025-11-11 13:00:09,157    : <class 'selenium.common.exceptions.ElementClickInterceptedException'> : Message: element click intercepted: Element <a href="/mnjuser/profile">...</a> is not clickable at point (315, 321). Other element would receive the click: <div id="_0pimwra5x2" class="chatbot_Overlay show"></div>
  (Session info: chrome=142.0.7444.134); For documentation on this error, please visit: https://www.selenium.dev/documentation/webdriver/troubleshooting/errors#elementclickinterceptedexception
Stacktrace:
Symbols not available. Dumping unresolved backtrace:
	0x7ff6d7427a05
	0x7ff6d7427a60
	0x7ff6d71a16ad
	0x7ff6d7202359
	0x7ff6d71ffcde
	0x7ff6d71fcc11
	0x7ff6d71fbad0
	0x7ff6d71ed2c8
	0x7ff6d722297a
	0x7ff6d71ecb56
	0x7ff6d724b8fb
	0x7ff6d71eb068
	0x7ff6d71ebe93
	0x7ff6d76e29a0
	0x7ff6d76dce20
	0x7ff6d76fcc15
	0x7ff6d744309e
	0x7ff6d744ad8f
	0x7ff6d7430be4
	0x7ff6d7430d9f
	0x7ff6d74167f8
	0x7fff2af8e8d7
	0x7fff2cf4c53c
 at Line 257.
2025-11-11 13:00:21,597    : Element not found with XPATH : //*[contains(@class, 'crossIcon')]
2025-11-11 13:00:28,925    : Element not found with ID : //button[@type='button']
2025-11-11 13:00:30,019    : Resume Document Upload Successful. Last Updated date = Uploaded on Nov 11, 2025
2025-11-11 13:00:32,345    : Driver Closed Successfully
2025-11-11 13:00:34,626    : Driver Quit Successfully
2025-11-11 13:00:34,626    : -----Naukri.py Script Run Ended-----

2025-11-11 13:00:38,209    : -----Naukri.py Script Run Begin-----
2025-11-11 13:00:39,623    : Google Chrome Launched!
2025-11-11 13:00:40,935    : Jobseeker's Login: Search the Best Jobs available in India & Abroad - Naukri.com
2025-11-11 13:00:40,945    : Website Loaded Successfully.
2025-11-11 13:00:58,553    : Element not found with XPATH : //*[contains(@class, 'cross-icon') or @alt='cross-icon']
2025-11-11 13:01:03,590    : Element not found with XPATH : //*[text() = 'SKIP AND CONTINUE']
2025-11-11 13:01:04,641    : Naukri Login Successful
2025-11-11 13:01:16,151    : Element not found with XPATH : //*[contains(@class, 'crossIcon')]
2025-11-11 13:01:27,440    : Element not found with XPATH : //*[@name='mobile'] | //*[@id='mob_number']
2025-11-11 13:01:30,481    : Element not found with XPATH : //*[@name='mobile'] | //*[@id='mob_number']
2025-11-11 13:01:31,677    : Profile Update Successful
2025-11-11 13:01:49,046    : Element not found with XPATH : //*[contains(@class, 'crossIcon')]
2025-11-11 13:01:56,407    : Element not found with ID : //button[@type='button']
2025-11-11 13:01:57,465    : Resume Document Upload Successful. Last Updated date = Uploaded on Nov 11, 2025
2025-11-11 13:01:59,803    : Driver Closed Successfully
2025-11-11 13:02:02,756    : Driver Quit Successfully
2025-11-11 13:02:02,758    : -----Naukri.py Script Run Ended-----

2025-11-18 10:59:14,819    : -----Naukri.py Script Run Begin-----
2025-11-18 10:59:18,926    : Google Chrome Launched!
2025-11-18 10:59:20,264    : Jobseeker's Login: Search the Best Jobs available in India & Abroad - Naukri.com
2025-11-18 10:59:20,272    : Website Loaded Successfully.
2025-11-18 10:59:37,934    : Element not found with XPATH : //*[contains(@class, 'cross-icon') or @alt='cross-icon']
2025-11-18 10:59:42,956    : Element not found with XPATH : //*[text() = 'SKIP AND CONTINUE']
2025-11-18 10:59:43,999    : Naukri Login Successful
2025-11-18 10:59:46,101    : <class 'selenium.common.exceptions.ElementClickInterceptedException'> : Message: element click intercepted: Element <a href="/mnjuser/profile">...</a> is not clickable at point (315, 321). Other element would receive the click: <div id="_9ux7j13bg2" class="chatbot_Overlay show"></div>
  (Session info: chrome=142.0.7444.163); For documentation on this error, please visit: https://www.selenium.dev/documentation/webdriver/troubleshooting/errors#elementclickinterceptedexception
Stacktrace:
Symbols not available. Dumping unresolved backtrace:
	0x7ff6aa2ca235
	0x7ff6aa022630
	0x7ff6a9db16dd
	0x7ff6a9e124c9
	0x7ff6a9e0fe4e
	0x7ff6a9e0cd71
	0x7ff6a9e0bc10
	0x7ff6a9dfd3a8
	0x7ff6a9e32b0a
	0x7ff6a9dfcc36
	0x7ff6a9e5baba
	0x7ff6a9dfb0ed
	0x7ff6a9dfbf63
	0x7ff6aa2f5d60
	0x7ff6aa2efe8a
	0x7ff6aa311005
	0x7ff6aa03d71e
	0x7ff6aa044e1f
	0x7ff6aa02b7c4
	0x7ff6aa02b97f
	0x7ff6aa0118e8
	0x7ff91bf1e8d7
	0x7ff91d66c53c
 at Line 257.
2025-11-18 10:59:58,565    : Element not found with XPATH : //*[contains(@class, 'crossIcon')]
2025-11-18 11:00:05,927    : Element not found with ID : //button[@type='button']
2025-11-18 11:00:07,004    : Resume Document Upload Successful. Last Updated date = Uploaded on Nov 18, 2025
2025-11-18 11:00:09,206    : Driver Closed Successfully
2025-11-18 11:00:12,201    : Driver Quit Successfully
2025-11-18 11:00:12,203    : -----Naukri.py Script Run Ended-----

2025-11-18 11:00:59,732    : -----Naukri.py Script Run Begin-----
2025-11-18 11:01:02,846    : Google Chrome Launched!
2025-11-18 11:01:04,272    : Jobseeker's Login: Search the Best Jobs available in India & Abroad - Naukri.com
2025-11-18 11:01:04,280    : Website Loaded Successfully.
2025-11-18 11:01:21,912    : Element not found with XPATH : //*[contains(@class, 'cross-icon') or @alt='cross-icon']
2025-11-18 11:01:26,944    : Element not found with XPATH : //*[text() = 'SKIP AND CONTINUE']
2025-11-18 11:01:27,977    : Naukri Login Successful
2025-11-18 11:01:30,108    : <class 'selenium.common.exceptions.ElementClickInterceptedException'> : Message: element click intercepted: Element <a href="/mnjuser/profile">...</a> is not clickable at point (315, 321). Other element would receive the click: <div id="_uz84ne0sg2" class="chatbot_Overlay show"></div>
  (Session info: chrome=142.0.7444.163); For documentation on this error, please visit: https://www.selenium.dev/documentation/webdriver/troubleshooting/errors#elementclickinterceptedexception
Stacktrace:
Symbols not available. Dumping unresolved backtrace:
	0x7ff6aa2ca235
	0x7ff6aa022630
	0x7ff6a9db16dd
	0x7ff6a9e124c9
	0x7ff6a9e0fe4e
	0x7ff6a9e0cd71
	0x7ff6a9e0bc10
	0x7ff6a9dfd3a8
	0x7ff6a9e32b0a
	0x7ff6a9dfcc36
	0x7ff6a9e5baba
	0x7ff6a9dfb0ed
	0x7ff6a9dfbf63
	0x7ff6aa2f5d60
	0x7ff6aa2efe8a
	0x7ff6aa311005
	0x7ff6aa03d71e
	0x7ff6aa044e1f
	0x7ff6aa02b7c4
	0x7ff6aa02b97f
	0x7ff6aa0118e8
	0x7ff91bf1e8d7
	0x7ff91d66c53c
 at Line 257.
2025-11-18 11:01:42,472    : Element not found with XPATH : //*[contains(@class, 'crossIcon')]
2025-11-18 11:01:49,860    : Element not found with ID : //button[@type='button']
2025-11-18 11:01:50,921    : Resume Document Upload Successful. Last Updated date = Uploaded on Nov 18, 2025
2025-11-18 11:01:53,183    : Driver Closed Successfully
2025-11-18 11:01:55,412    : Driver Quit Successfully
2025-11-18 11:01:55,412    : -----Naukri.py Script Run Ended-----

2025-11-19 10:59:28,666    : -----Naukri.py Script Run Begin-----
2025-11-19 10:59:37,874    : Google Chrome Launched!
2025-11-19 10:59:39,736    : Jobseeker's Login: Search the Best Jobs available in India & Abroad - Naukri.com
2025-11-19 10:59:39,740    : Website Loaded Successfully.
2025-11-19 10:59:56,972    : Element not found with XPATH : //*[contains(@class, 'cross-icon') or @alt='cross-icon']
2025-11-19 11:00:01,966    : Element not found with XPATH : //*[text() = 'SKIP AND CONTINUE']
2025-11-19 11:00:02,969    : Naukri Login Successful
2025-11-19 11:00:14,495    : Element not found with XPATH : //*[contains(@class, 'crossIcon')]
2025-11-19 11:00:25,587    : Element not found with XPATH : //*[@name='mobile'] | //*[@id='mob_number']
2025-11-19 11:00:28,596    : Element not found with XPATH : //*[@name='mobile'] | //*[@id='mob_number']
2025-11-19 11:00:29,675    : Profile Update Successful
2025-11-19 11:00:46,908    : Element not found with XPATH : //*[contains(@class, 'crossIcon')]
2025-11-19 11:00:54,006    : Element not found with ID : //button[@type='button']
2025-11-19 11:00:55,029    : Resume Document Upload Successful. Last Updated date = Uploaded on Nov 19, 2025
2025-11-19 11:00:57,130    : Driver Closed Successfully
2025-11-19 11:00:59,381    : Driver Quit Successfully
2025-11-19 11:00:59,381    : -----Naukri.py Script Run Ended-----

2025-11-19 11:01:08,231    : -----Naukri.py Script Run Begin-----
2025-11-19 11:01:09,665    : Google Chrome Launched!
2025-11-19 11:01:12,449    : Jobseeker's Login: Search the Best Jobs available in India & Abroad - Naukri.com
2025-11-19 11:01:12,451    : Website Loaded Successfully.
2025-11-19 11:01:29,684    : Element not found with XPATH : //*[contains(@class, 'cross-icon') or @alt='cross-icon']
2025-11-19 11:01:34,674    : Element not found with XPATH : //*[text() = 'SKIP AND CONTINUE']
2025-11-19 11:01:35,693    : Naukri Login Successful
2025-11-19 11:01:47,212    : Element not found with XPATH : //*[contains(@class, 'crossIcon')]
2025-11-19 11:01:58,293    : Element not found with XPATH : //*[@name='mobile'] | //*[@id='mob_number']
2025-11-19 11:02:01,333    : Element not found with XPATH : //*[@name='mobile'] | //*[@id='mob_number']
2025-11-19 11:02:02,414    : Profile Update Successful
2025-11-19 11:02:19,669    : Element not found with XPATH : //*[contains(@class, 'crossIcon')]
2025-11-19 11:02:26,748    : Element not found with ID : //button[@type='button']
2025-11-19 11:02:27,769    : Resume Document Upload Successful. Last Updated date = Uploaded on Nov 19, 2025
2025-11-19 11:02:29,871    : Driver Closed Successfully
2025-11-19 11:02:32,116    : Driver Quit Successfully
2025-11-19 11:02:32,116    : -----Naukri.py Script Run Ended-----

2025-11-20 10:46:16,363    : -----Naukri.py Script Run Begin-----
2025-11-20 10:47:07,596    : Google Chrome Launched!
2025-11-20 10:47:12,501    : Jobseeker's Login: Search the Best Jobs available in India & Abroad - Naukri.com
2025-11-20 10:47:12,504    : Website Loaded Successfully.
2025-11-20 10:47:29,750    : Element not found with XPATH : //*[contains(@class, 'cross-icon') or @alt='cross-icon']
2025-11-20 10:47:34,747    : Element not found with XPATH : //*[text() = 'SKIP AND CONTINUE']
2025-11-20 10:47:35,761    : Naukri Login Successful
2025-11-20 10:48:02,007    : Element not found with XPATH : //*[contains(@class, 'crossIcon')]
2025-11-20 10:48:13,126    : Element not found with XPATH : //*[@name='mobile'] | //*[@id='mob_number']
2025-11-20 10:48:16,159    : Element not found with XPATH : //*[@name='mobile'] | //*[@id='mob_number']
2025-11-20 10:48:22,237    : Profile Update Successful
2025-11-20 10:48:39,790    : Element not found with XPATH : //*[contains(@class, 'crossIcon')]
2025-11-20 10:48:46,914    : Element not found with ID : //button[@type='button']
2025-11-20 10:48:47,942    : Resume Document Upload Successful. Last Updated date = Uploaded on Nov 20, 2025
2025-11-20 10:48:50,042    : Driver Closed Successfully
2025-11-20 10:48:52,267    : Driver Quit Successfully
2025-11-20 10:48:52,268    : -----Naukri.py Script Run Ended-----

2025-11-20 10:49:01,865    : -----Naukri.py Script Run Begin-----
2025-11-20 10:49:03,271    : Google Chrome Launched!
2025-11-20 10:49:11,103    : Jobseeker's Login: Search the Best Jobs available in India & Abroad - Naukri.com
2025-11-20 10:49:11,107    : Website Loaded Successfully.
2025-11-20 10:49:29,227    : Element not found with XPATH : //*[contains(@class, 'cross-icon') or @alt='cross-icon']
2025-11-20 10:49:34,224    : Element not found with XPATH : //*[text() = 'SKIP AND CONTINUE']
2025-11-20 10:49:35,253    : Naukri Login Successful
2025-11-20 10:49:49,952    : Element not found with XPATH : //*[contains(@class, 'crossIcon')]
2025-11-20 10:50:01,040    : Element not found with XPATH : //*[@name='mobile'] | //*[@id='mob_number']
2025-11-20 10:50:04,083    : Element not found with XPATH : //*[@name='mobile'] | //*[@id='mob_number']
2025-11-20 10:50:05,164    : Profile Update Successful
2025-11-20 10:50:22,778    : Element not found with XPATH : //*[contains(@class, 'crossIcon')]
2025-11-20 10:50:29,868    : Element not found with ID : //button[@type='button']
2025-11-20 10:50:30,901    : Resume Document Upload Successful. Last Updated date = Uploaded on Nov 20, 2025
2025-11-20 10:50:33,041    : Driver Closed Successfully
2025-11-20 10:50:35,289    : Driver Quit Successfully
2025-11-20 10:50:35,289    : -----Naukri.py Script Run Ended-----

2025-11-21 10:31:20,287    : -----Naukri.py Script Run Begin-----
2025-11-21 10:33:17,892    : -----Naukri.py Script Run Begin-----
2025-11-21 10:35:31,761    : There was an error managing chromedriver (error decoding response body); using driver found in the cache
2025-11-21 10:35:35,855    : Google Chrome Launched!
2025-11-21 10:36:08,341    : Jobseeker's Login: Search the Best Jobs available in India & Abroad - Naukri.com
2025-11-21 10:36:08,355    : Website Loaded Successfully.
2025-11-21 10:36:26,507    : Element not found with XPATH : //*[contains(@class, 'cross-icon') or @alt='cross-icon']
2025-11-21 10:36:31,536    : Element not found with XPATH : //*[text() = 'SKIP AND CONTINUE']
2025-11-21 10:37:11,738    : Element not found with ID : ff-inventory
2025-11-21 10:37:11,740    : Unknown Login Error
2025-11-21 10:37:11,930    : Driver Closed Successfully
2025-11-21 10:37:14,975    : Driver Quit Successfully
2025-11-21 10:37:15,006    : -----Naukri.py Script Run Ended-----

2025-11-21 10:38:30,356    : -----Naukri.py Script Run Begin-----
2025-11-21 10:38:32,866    : Google Chrome Launched!
2025-11-21 10:38:34,069    : Jobseeker's Login: Search the Best Jobs available in India & Abroad - Naukri.com
2025-11-21 10:38:34,078    : Website Loaded Successfully.
2025-11-21 10:38:51,800    : Element not found with XPATH : //*[contains(@class, 'cross-icon') or @alt='cross-icon']
2025-11-21 10:38:56,851    : Element not found with XPATH : //*[text() = 'SKIP AND CONTINUE']
2025-11-21 10:38:57,881    : Naukri Login Successful
2025-11-21 10:39:09,844    : Element not found with XPATH : //*[contains(@class, 'crossIcon')]
2025-11-21 10:39:21,142    : Element not found with XPATH : //*[@name='mobile'] | //*[@id='mob_number']
2025-11-21 10:39:24,156    : Element not found with XPATH : //*[@name='mobile'] | //*[@id='mob_number']
2025-11-21 10:39:25,376    : Profile Update Successful
2025-11-21 10:39:42,822    : Element not found with XPATH : //*[contains(@class, 'crossIcon')]
2025-11-21 10:39:50,165    : Element not found with ID : //button[@type='button']
2025-11-21 10:39:51,320    : Resume Document Upload Successful. Last Updated date = Uploaded on Nov 21, 2025
2025-11-21 10:39:53,638    : Driver Closed Successfully
2025-11-21 10:39:56,225    : Driver Quit Successfully
2025-11-21 10:39:56,226    : -----Naukri.py Script Run Ended-----

2025-11-21 10:42:07,245    : -----Naukri.py Script Run Begin-----
2025-11-21 10:42:09,485    : Google Chrome Launched!
2025-11-21 10:42:10,964    : Jobseeker's Login: Search the Best Jobs available in India & Abroad - Naukri.com
2025-11-21 10:42:10,976    : Website Loaded Successfully.
2025-11-21 10:42:28,672    : Element not found with XPATH : //*[contains(@class, 'cross-icon') or @alt='cross-icon']
2025-11-21 10:42:33,697    : Element not found with XPATH : //*[text() = 'SKIP AND CONTINUE']
2025-11-21 10:42:34,736    : Naukri Login Successful
2025-11-21 10:42:46,255    : Element not found with XPATH : //*[contains(@class, 'crossIcon')]
2025-11-21 10:42:57,588    : Element not found with XPATH : //*[@name='mobile'] | //*[@id='mob_number']
2025-11-21 10:43:00,648    : Element not found with XPATH : //*[@name='mobile'] | //*[@id='mob_number']
2025-11-21 10:43:01,874    : Profile Update Successful
2025-11-21 10:43:19,269    : Element not found with XPATH : //*[contains(@class, 'crossIcon')]
2025-11-21 10:43:26,602    : Element not found with ID : //button[@type='button']
2025-11-21 10:43:27,668    : Resume Document Upload Successful. Last Updated date = Uploaded on Nov 21, 2025
2025-11-21 10:43:29,991    : Driver Closed Successfully
2025-11-21 10:43:32,609    : Driver Quit Successfully
2025-11-21 10:43:32,610    : -----Naukri.py Script Run Ended-----

2025-11-26 09:26:56,132    : -----Naukri.py Script Run Begin-----
2025-11-26 09:27:00,192    : Google Chrome Launched!
2025-11-26 09:27:00,944    : Jobseeker's Login: Search the Best Jobs available in India & Abroad - Naukri.com
2025-11-26 09:27:00,957    : Website Loaded Successfully.
2025-11-26 09:27:19,256    : Element not found with XPATH : //*[contains(@class, 'cross-icon') or @alt='cross-icon']
2025-11-26 09:27:24,315    : Element not found with XPATH : //*[text() = 'SKIP AND CONTINUE']
2025-11-26 09:27:25,353    : Naukri Login Successful
2025-11-26 09:27:27,535    : <class 'selenium.common.exceptions.ElementClickInterceptedException'> : Message: element click intercepted: Element <a href="/mnjuser/profile">...</a> is not clickable at point (315, 321). Other element would receive the click: <div id="_7ieanomtl2" class="chatbot_Overlay show"></div>
  (Session info: chrome=142.0.7444.163); For documentation on this error, please visit: https://www.selenium.dev/documentation/webdriver/troubleshooting/errors#elementclickinterceptedexception
Stacktrace:
Symbols not available. Dumping unresolved backtrace:
	0x7ff66ca9a235
	0x7ff66c7f2630
	0x7ff66c5816dd
	0x7ff66c5e24c9
	0x7ff66c5dfe4e
	0x7ff66c5dcd71
	0x7ff66c5dbc10
	0x7ff66c5cd3a8
	0x7ff66c602b0a
	0x7ff66c5ccc36
	0x7ff66c62baba
	0x7ff66c5cb0ed
	0x7ff66c5cbf63
	0x7ff66cac5d60
	0x7ff66cabfe8a
	0x7ff66cae1005
	0x7ff66c80d71e
	0x7ff66c814e1f
	0x7ff66c7fb7c4
	0x7ff66c7fb97f
	0x7ff66c7e18e8
	0x7fff5377e8d7
	0x7fff555cc53c
 at Line 257.
2025-11-26 09:27:39,988    : Element not found with XPATH : //*[contains(@class, 'crossIcon')]
2025-11-26 09:27:47,343    : Element not found with ID : //button[@type='button']
2025-11-26 09:27:48,415    : Resume Document Upload Successful. Last Updated date = Uploaded on Nov 26, 2025
2025-11-26 09:27:50,693    : Driver Closed Successfully
2025-11-26 09:27:53,472    : Driver Quit Successfully
2025-11-26 09:27:53,473    : -----Naukri.py Script Run Ended-----

2025-11-26 09:28:00,609    : -----Naukri.py Script Run Begin-----
2025-11-26 09:28:03,710    : Google Chrome Launched!
2025-11-26 09:28:05,098    : Jobseeker's Login: Search the Best Jobs available in India & Abroad - Naukri.com
2025-11-26 09:28:05,108    : Website Loaded Successfully.
2025-11-26 09:28:22,922    : Element not found with XPATH : //*[contains(@class, 'cross-icon') or @alt='cross-icon']
2025-11-26 09:28:27,959    : Element not found with XPATH : //*[text() = 'SKIP AND CONTINUE']
2025-11-26 09:28:28,994    : Naukri Login Successful
2025-11-26 09:28:31,184    : <class 'selenium.common.exceptions.ElementClickInterceptedException'> : Message: element click intercepted: Element <a href="/mnjuser/profile">...</a> is not clickable at point (315, 321). Other element would receive the click: <div id="_3sh391e4i2" class="chatbot_Overlay show"></div>
  (Session info: chrome=142.0.7444.163); For documentation on this error, please visit: https://www.selenium.dev/documentation/webdriver/troubleshooting/errors#elementclickinterceptedexception
Stacktrace:
Symbols not available. Dumping unresolved backtrace:
	0x7ff66ca9a235
	0x7ff66c7f2630
	0x7ff66c5816dd
	0x7ff66c5e24c9
	0x7ff66c5dfe4e
	0x7ff66c5dcd71
	0x7ff66c5dbc10
	0x7ff66c5cd3a8
	0x7ff66c602b0a
	0x7ff66c5ccc36
	0x7ff66c62baba
	0x7ff66c5cb0ed
	0x7ff66c5cbf63
	0x7ff66cac5d60
	0x7ff66cabfe8a
	0x7ff66cae1005
	0x7ff66c80d71e
	0x7ff66c814e1f
	0x7ff66c7fb7c4
	0x7ff66c7fb97f
	0x7ff66c7e18e8
	0x7fff5377e8d7
	0x7fff555cc53c
 at Line 257.
2025-11-26 09:28:43,583    : Element not found with XPATH : //*[contains(@class, 'crossIcon')]
2025-11-26 09:28:50,917    : Element not found with ID : //button[@type='button']
2025-11-26 09:28:51,983    : Resume Document Upload Successful. Last Updated date = Uploaded on Nov 26, 2025
2025-11-26 09:28:54,234    : Driver Closed Successfully
2025-11-26 09:28:57,055    : Driver Quit Successfully
2025-11-26 09:28:57,055    : -----Naukri.py Script Run Ended-----

2025-11-27 07:43:15,944    : -----Naukri.py Script Run Begin-----
2025-11-27 07:43:18,347    : Google Chrome Launched!
2025-11-27 07:43:19,530    : Jobseeker's Login: Search the Best Jobs available in India & Abroad - Naukri.com
2025-11-27 07:43:19,533    : Website Loaded Successfully.
2025-11-27 07:43:36,783    : Element not found with XPATH : //*[contains(@class, 'cross-icon') or @alt='cross-icon']
2025-11-27 07:43:41,783    : Element not found with XPATH : //*[text() = 'SKIP AND CONTINUE']
2025-11-27 07:43:42,795    : Naukri Login Successful
2025-11-27 07:43:44,913    : <class 'selenium.common.exceptions.ElementClickInterceptedException'> : Message: element click intercepted: Element <a href="/mnjuser/profile">...</a> is not clickable at point (315, 321). Other element would receive the click: <div id="_q22lo35kv2" class="chatbot_Overlay show"></div>
  (Session info: chrome=142.0.7444.176); For documentation on this error, please visit: https://www.selenium.dev/documentation/webdriver/troubleshooting/errors#elementclickinterceptedexception
Stacktrace:
Symbols not available. Dumping unresolved backtrace:
	0x7ff72796a235
	0x7ff7276c2630
	0x7ff7274516dd
	0x7ff7274b24c9
	0x7ff7274afe4e
	0x7ff7274acd71
	0x7ff7274abc10
	0x7ff72749d3a8
	0x7ff7274d2b0a
	0x7ff72749cc36
	0x7ff7274fbaba
	0x7ff72749b0ed
	0x7ff72749bf63
	0x7ff727995d60
	0x7ff72798fe8a
	0x7ff7279b1005
	0x7ff7276dd71e
	0x7ff7276e4e1f
	0x7ff7276cb7c4
	0x7ff7276cb97f
	0x7ff7276b18e8
	0x7fff5377e8d7
	0x7fff555cc53c
 at Line 257.
2025-11-27 07:43:57,356    : Element not found with XPATH : //*[contains(@class, 'crossIcon')]
2025-11-27 07:44:04,454    : Element not found with ID : //button[@type='button']
2025-11-27 07:44:05,484    : Resume Document Upload Successful. Last Updated date = Uploaded on Nov 27, 2025
2025-11-27 07:44:07,597    : Driver Closed Successfully
2025-11-27 07:44:09,886    : Driver Quit Successfully
2025-11-27 07:44:09,886    : -----Naukri.py Script Run Ended-----

2025-11-27 07:44:18,051    : -----Naukri.py Script Run Begin-----
2025-11-27 07:44:19,512    : Google Chrome Launched!
2025-11-27 07:44:20,835    : Jobseeker's Login: Search the Best Jobs available in India & Abroad - Naukri.com
2025-11-27 07:44:20,839    : Website Loaded Successfully.
2025-11-27 07:44:38,042    : Element not found with XPATH : //*[contains(@class, 'cross-icon') or @alt='cross-icon']
2025-11-27 07:44:43,034    : Element not found with XPATH : //*[text() = 'SKIP AND CONTINUE']
2025-11-27 07:44:44,051    : Naukri Login Successful
2025-11-27 07:44:55,279    : Element not found with XPATH : //*[contains(@class, 'crossIcon')]
2025-11-27 07:45:06,357    : Element not found with XPATH : //*[@name='mobile'] | //*[@id='mob_number']
2025-11-27 07:45:09,372    : Element not found with XPATH : //*[@name='mobile'] | //*[@id='mob_number']
2025-11-27 07:45:10,450    : Profile Update Successful
2025-11-27 07:45:27,610    : Element not found with XPATH : //*[contains(@class, 'crossIcon')]
2025-11-27 07:45:34,715    : Element not found with ID : //button[@type='button']
2025-11-27 07:45:35,745    : Resume Document Upload Successful. Last Updated date = Uploaded on Nov 27, 2025
2025-11-27 07:45:37,859    : Driver Closed Successfully
2025-11-27 07:45:40,148    : Driver Quit Successfully
2025-11-27 07:45:40,148    : -----Naukri.py Script Run Ended-----

2025-11-29 15:45:59,480    : -----Naukri.py Script Run Begin-----
2025-11-29 15:46:00,276    : There was an error managing chromedriver (error sending request for url (https://googlechromelabs.github.io/chrome-for-testing/known-good-versions-with-downloads.json)); using driver found in the cache
2025-11-29 15:46:00,276    : Error sending stats to Plausible: error sending request for url (https://plausible.io/api/event)
2025-11-29 15:46:03,710    : Google Chrome Launched!
2025-11-29 15:46:05,535    : <class 'selenium.common.exceptions.WebDriverException'> : Message: unknown error: net::ERR_INTERNET_DISCONNECTED
  (Session info: chrome=142.0.7444.176)
Stacktrace:
Symbols not available. Dumping unresolved backtrace:
	0x7ff630777a05
	0x7ff630777a60
	0x7ff6304f16ad
	0x7ff6304ee1f8
	0x7ff6304deb69
	0x7ff6304e0997
	0x7ff6304df120
	0x7ff6304de8d7
	0x7ff6304de59b
	0x7ff6304dc105
	0x7ff6304dc99c
	0x7ff6304f59ba
	0x7ff63059c72e
	0x7ff63057297a
	0x7ff63059b8fb
	0x7ff63053b068
	0x7ff63053be93
	0x7ff630a329a0
	0x7ff630a2ce20
	0x7ff630a4cc15
	0x7ff63079309e
	0x7ff63079ad8f
	0x7ff630780be4
	0x7ff630780d9f
	0x7ff6307667f8
	0x7fff5377e8d7
	0x7fff555cc53c
 at Line 194.
2025-11-29 15:46:05,537    : <class 'AttributeError'> : 'NoneType' object has no attribute 'close' at Line 139.
2025-11-29 15:46:05,537    : <class 'AttributeError'> : 'NoneType' object has no attribute 'quit' at Line 146.
2025-11-29 15:46:05,539    : -----Naukri.py Script Run Ended-----

2025-11-29 15:48:17,442    : -----Naukri.py Script Run Begin-----
2025-11-29 15:48:20,015    : There was an error managing chromedriver (error sending request for url (https://googlechromelabs.github.io/chrome-for-testing/known-good-versions-with-downloads.json)); using driver found in the cache
2025-11-29 15:48:26,917    : Google Chrome Launched!
2025-11-29 15:48:27,422    : <class 'selenium.common.exceptions.WebDriverException'> : Message: unknown error: net::ERR_INTERNET_DISCONNECTED
  (Session info: chrome=142.0.7444.176)
Stacktrace:
Symbols not available. Dumping unresolved backtrace:
	0x7ff630777a05
	0x7ff630777a60
	0x7ff6304f16ad
	0x7ff6304ee1f8
	0x7ff6304deb69
	0x7ff6304e0997
	0x7ff6304df120
	0x7ff6304de8d7
	0x7ff6304de59b
	0x7ff6304dc105
	0x7ff6304dc99c
	0x7ff6304f59ba
	0x7ff63059c72e
	0x7ff63057297a
	0x7ff63059b8fb
	0x7ff63053b068
	0x7ff63053be93
	0x7ff630a329a0
	0x7ff630a2ce20
	0x7ff630a4cc15
	0x7ff63079309e
	0x7ff63079ad8f
	0x7ff630780be4
	0x7ff630780d9f
	0x7ff6307667f8
	0x7fff5377e8d7
	0x7fff555cc53c
 at Line 194.
2025-11-29 15:48:27,422    : <class 'AttributeError'> : 'NoneType' object has no attribute 'close' at Line 139.
2025-11-29 15:48:27,422    : <class 'AttributeError'> : 'NoneType' object has no attribute 'quit' at Line 146.
2025-11-29 15:48:27,426    : -----Naukri.py Script Run Ended-----

2025-12-01 10:12:41,151    : -----Naukri.py Script Run Begin-----
2025-12-01 10:12:45,572    : Google Chrome Launched!
2025-12-01 10:12:47,373    : Jobseeker's Login: Search the Best Jobs available in India & Abroad - Naukri.com
2025-12-01 10:12:47,381    : Website Loaded Successfully.
2025-12-01 10:13:05,318    : Element not found with XPATH : //*[contains(@class, 'cross-icon') or @alt='cross-icon']
2025-12-01 10:13:10,370    : Element not found with XPATH : //*[text() = 'SKIP AND CONTINUE']
2025-12-01 10:13:11,410    : Naukri Login Successful
2025-12-01 10:13:23,109    : Element not found with XPATH : //*[contains(@class, 'crossIcon')]
2025-12-01 10:13:34,527    : Element not found with XPATH : //*[@name='mobile'] | //*[@id='mob_number']
2025-12-01 10:13:37,554    : Element not found with XPATH : //*[@name='mobile'] | //*[@id='mob_number']
2025-12-01 10:13:38,785    : Profile Update Successful
2025-12-01 10:13:56,254    : Element not found with XPATH : //*[contains(@class, 'crossIcon')]
2025-12-01 10:14:03,644    : Element not found with ID : //button[@type='button']
2025-12-01 10:14:04,771    : Resume Document Upload Successful. Last Updated date = Uploaded on Dec 01, 2025
2025-12-01 10:14:07,126    : Driver Closed Successfully
2025-12-01 10:14:09,984    : Driver Quit Successfully
2025-12-01 10:14:09,984    : -----Naukri.py Script Run Ended-----

2025-12-01 10:14:14,989    : -----Naukri.py Script Run Begin-----
2025-12-01 10:14:18,204    : Google Chrome Launched!
2025-12-01 10:14:19,808    : Jobseeker's Login: Search the Best Jobs available in India & Abroad - Naukri.com
2025-12-01 10:14:19,817    : Website Loaded Successfully.
2025-12-01 10:14:37,543    : Element not found with XPATH : //*[contains(@class, 'cross-icon') or @alt='cross-icon']
2025-12-01 10:14:42,606    : Element not found with XPATH : //*[text() = 'SKIP AND CONTINUE']
2025-12-01 10:14:43,654    : Naukri Login Successful
2025-12-01 10:14:55,262    : Element not found with XPATH : //*[contains(@class, 'crossIcon')]
2025-12-01 10:15:06,607    : Element not found with XPATH : //*[@name='mobile'] | //*[@id='mob_number']
2025-12-01 10:15:09,638    : Element not found with XPATH : //*[@name='mobile'] | //*[@id='mob_number']
2025-12-01 10:15:10,885    : Profile Update Successful
2025-12-01 10:15:28,308    : Element not found with XPATH : //*[contains(@class, 'crossIcon')]
2025-12-01 10:15:35,643    : Element not found with ID : //button[@type='button']
2025-12-01 10:15:36,706    : Resume Document Upload Successful. Last Updated date = Uploaded on Dec 01, 2025
2025-12-01 10:15:39,194    : Driver Closed Successfully
2025-12-01 10:15:42,055    : Driver Quit Successfully
2025-12-01 10:15:42,055    : -----Naukri.py Script Run Ended-----

2025-12-02 14:20:08,222    : -----Naukri.py Script Run Begin-----
2025-12-02 14:20:10,656    : Google Chrome Launched!
2025-12-02 14:20:11,904    : Jobseeker's Login: Search the Best Jobs available in India & Abroad - Naukri.com
2025-12-02 14:20:11,908    : Website Loaded Successfully.
2025-12-02 14:20:29,153    : Element not found with XPATH : //*[contains(@class, 'cross-icon') or @alt='cross-icon']
2025-12-02 14:20:34,148    : Element not found with XPATH : //*[text() = 'SKIP AND CONTINUE']
2025-12-02 14:20:35,160    : Naukri Login Successful
2025-12-02 14:20:46,436    : Element not found with XPATH : //*[contains(@class, 'crossIcon')]
2025-12-02 14:20:57,524    : Element not found with XPATH : //*[@name='mobile'] | //*[@id='mob_number']
2025-12-02 14:21:00,559    : Element not found with XPATH : //*[@name='mobile'] | //*[@id='mob_number']
2025-12-02 14:21:01,625    : Profile Update Successful
2025-12-02 14:21:18,801    : Element not found with XPATH : //*[contains(@class, 'crossIcon')]
2025-12-02 14:21:25,900    : Element not found with ID : //button[@type='button']
2025-12-02 14:21:26,933    : Resume Document Upload Successful. Last Updated date = Uploaded on Dec 02, 2025
2025-12-02 14:21:29,076    : Driver Closed Successfully
2025-12-02 14:21:31,421    : Driver Quit Successfully
2025-12-02 14:21:31,421    : -----Naukri.py Script Run Ended-----

2025-12-02 14:21:37,953    : -----Naukri.py Script Run Begin-----
2025-12-02 14:21:39,466    : Google Chrome Launched!
2025-12-02 14:21:40,496    : Jobseeker's Login: Search the Best Jobs available in India & Abroad - Naukri.com
2025-12-02 14:21:40,499    : Website Loaded Successfully.
2025-12-02 14:21:57,756    : Element not found with XPATH : //*[contains(@class, 'cross-icon') or @alt='cross-icon']
2025-12-02 14:22:02,757    : Element not found with XPATH : //*[text() = 'SKIP AND CONTINUE']
2025-12-02 14:22:03,766    : Naukri Login Successful
2025-12-02 14:22:15,144    : Element not found with XPATH : //*[contains(@class, 'crossIcon')]
2025-12-02 14:22:26,211    : Element not found with XPATH : //*[@name='mobile'] | //*[@id='mob_number']
2025-12-02 14:22:29,256    : Element not found with XPATH : //*[@name='mobile'] | //*[@id='mob_number']
2025-12-02 14:22:30,336    : Profile Update Successful
2025-12-02 14:22:47,508    : Element not found with XPATH : //*[contains(@class, 'crossIcon')]
2025-12-02 14:22:54,588    : Element not found with ID : //button[@type='button']
2025-12-02 14:22:55,616    : Resume Document Upload Successful. Last Updated date = Uploaded on Dec 02, 2025
2025-12-02 14:22:57,759    : Driver Closed Successfully
2025-12-02 14:23:00,083    : Driver Quit Successfully
2025-12-02 14:23:00,083    : -----Naukri.py Script Run Ended-----

2025-12-03 22:44:20,123    : -----Naukri.py Script Run Begin-----
2025-12-03 22:44:24,914    : Google Chrome Launched!
2025-12-03 22:44:26,623    : Jobseeker's Login: Search the Best Jobs available in India & Abroad - Naukri.com
2025-12-03 22:44:26,632    : Website Loaded Successfully.
2025-12-03 22:44:44,455    : Element not found with XPATH : //*[contains(@class, 'cross-icon') or @alt='cross-icon']
2025-12-03 22:44:49,510    : Element not found with XPATH : //*[text() = 'SKIP AND CONTINUE']
2025-12-03 22:44:50,541    : Naukri Login Successful
2025-12-03 22:45:02,089    : Element not found with XPATH : //*[contains(@class, 'crossIcon')]
2025-12-03 22:45:13,383    : Element not found with XPATH : //*[@name='mobile'] | //*[@id='mob_number']
2025-12-03 22:45:16,408    : Element not found with XPATH : //*[@name='mobile'] | //*[@id='mob_number']
2025-12-03 22:45:17,600    : Profile Update Successful
2025-12-03 22:45:34,948    : Element not found with XPATH : //*[contains(@class, 'crossIcon')]
2025-12-03 22:45:42,271    : Element not found with ID : //button[@type='button']
2025-12-03 22:45:43,329    : Resume Document Upload Successful. Last Updated date = Uploaded on Dec 03, 2025
2025-12-03 22:45:45,554    : Driver Closed Successfully
2025-12-03 22:45:48,532    : Driver Quit Successfully
2025-12-03 22:45:48,533    : -----Naukri.py Script Run Ended-----

2025-12-03 22:45:57,886    : -----Naukri.py Script Run Begin-----
2025-12-03 22:46:00,811    : Google Chrome Launched!
2025-12-03 22:46:02,601    : Jobseeker's Login: Search the Best Jobs available in India & Abroad - Naukri.com
2025-12-03 22:46:02,610    : Website Loaded Successfully.
2025-12-03 22:46:20,297    : Element not found with XPATH : //*[contains(@class, 'cross-icon') or @alt='cross-icon']
2025-12-03 22:46:25,356    : Element not found with XPATH : //*[text() = 'SKIP AND CONTINUE']
2025-12-03 22:46:26,388    : Naukri Login Successful
2025-12-03 22:46:28,527    : <class 'selenium.common.exceptions.ElementClickInterceptedException'> : Message: element click intercepted: Element <a href="/mnjuser/profile">...</a> is not clickable at point (315, 321). Other element would receive the click: <div id="_6jd1d18hb2" class="chatbot_Overlay show"></div>
  (Session info: chrome=142.0.7444.176); For documentation on this error, please visit: https://www.selenium.dev/documentation/webdriver/troubleshooting/errors#elementclickinterceptedexception
Stacktrace:
Symbols not available. Dumping unresolved backtrace:
	0x7ff79adfa235
	0x7ff79ab52630
	0x7ff79a8e16dd
	0x7ff79a9424c9
	0x7ff79a93fe4e
	0x7ff79a93cd71
	0x7ff79a93bc10
	0x7ff79a92d3a8
	0x7ff79a962b0a
	0x7ff79a92cc36
	0x7ff79a98baba
	0x7ff79a92b0ed
	0x7ff79a92bf63
	0x7ff79ae25d60
	0x7ff79ae1fe8a
	0x7ff79ae41005
	0x7ff79ab6d71e
	0x7ff79ab74e1f
	0x7ff79ab5b7c4
	0x7ff79ab5b97f
	0x7ff79ab418e8
	0x7ff8ed4be8d7
	0x7ff8ee68c53c
 at Line 257.
2025-12-03 22:46:40,990    : Element not found with XPATH : //*[contains(@class, 'crossIcon')]
2025-12-03 22:46:48,329    : Element not found with ID : //button[@type='button']
2025-12-03 22:46:49,386    : Resume Document Upload Successful. Last Updated date = Uploaded on Dec 03, 2025
2025-12-03 22:46:51,602    : Driver Closed Successfully
2025-12-03 22:46:54,513    : Driver Quit Successfully
2025-12-03 22:46:54,514    : -----Naukri.py Script Run Ended-----

2025-12-04 13:04:26,909    : -----Naukri.py Script Run Begin-----
2025-12-04 13:04:30,426    : Google Chrome Launched!
2025-12-04 13:04:31,615    : Jobseeker's Login: Search the Best Jobs available in India & Abroad - Naukri.com
2025-12-04 13:04:31,619    : Website Loaded Successfully.
2025-12-04 13:04:48,925    : Element not found with XPATH : //*[contains(@class, 'cross-icon') or @alt='cross-icon']
2025-12-04 13:04:53,923    : Element not found with XPATH : //*[text() = 'SKIP AND CONTINUE']
2025-12-04 13:04:54,933    : Naukri Login Successful
2025-12-04 13:05:06,145    : Element not found with XPATH : //*[contains(@class, 'crossIcon')]
2025-12-04 13:05:17,223    : Element not found with XPATH : //*[@name='mobile'] | //*[@id='mob_number']
2025-12-04 13:05:20,250    : Element not found with XPATH : //*[@name='mobile'] | //*[@id='mob_number']
2025-12-04 13:05:21,310    : Profile Update Successful
2025-12-04 13:05:38,488    : Element not found with XPATH : //*[contains(@class, 'crossIcon')]
2025-12-04 13:05:45,577    : Element not found with ID : //button[@type='button']
2025-12-04 13:05:46,602    : Resume Document Upload Successful. Last Updated date = Uploaded on Dec 04, 2025
2025-12-04 13:05:48,723    : Driver Closed Successfully
2025-12-04 13:05:51,028    : Driver Quit Successfully
2025-12-04 13:05:51,028    : -----Naukri.py Script Run Ended-----

2025-12-04 13:05:54,823    : -----Naukri.py Script Run Begin-----
2025-12-04 13:05:56,251    : Google Chrome Launched!
2025-12-04 13:05:57,491    : Jobseeker's Login: Search the Best Jobs available in India & Abroad - Naukri.com
2025-12-04 13:05:57,494    : Website Loaded Successfully.
2025-12-04 13:06:14,703    : Element not found with XPATH : //*[contains(@class, 'cross-icon') or @alt='cross-icon']
2025-12-04 13:06:19,693    : Element not found with XPATH : //*[text() = 'SKIP AND CONTINUE']
2025-12-04 13:06:20,708    : Naukri Login Successful
2025-12-04 13:06:32,113    : Element not found with XPATH : //*[contains(@class, 'crossIcon')]
2025-12-04 13:06:43,195    : Element not found with XPATH : //*[@name='mobile'] | //*[@id='mob_number']
2025-12-04 13:06:46,202    : Element not found with XPATH : //*[@name='mobile'] | //*[@id='mob_number']
2025-12-04 13:06:47,260    : Profile Update Successful
2025-12-04 13:07:04,613    : Element not found with XPATH : //*[contains(@class, 'crossIcon')]
2025-12-04 13:07:11,712    : Element not found with ID : //button[@type='button']
2025-12-04 13:07:12,737    : Resume Document Upload Successful. Last Updated date = Uploaded on Dec 04, 2025
2025-12-04 13:07:14,845    : Driver Closed Successfully
2025-12-04 13:07:17,128    : Driver Quit Successfully
2025-12-04 13:07:17,130    : -----Naukri.py Script Run Ended-----

2025-12-07 10:46:59,962    : -----Naukri.py Script Run Begin-----
2025-12-07 10:47:02,128    : Google Chrome Launched!
2025-12-07 10:47:04,530    : Jobseeker's Login: Search the Best Jobs available in India & Abroad - Naukri.com
2025-12-07 10:47:04,538    : Website Loaded Successfully.
2025-12-07 10:47:22,334    : Element not found with XPATH : //*[contains(@class, 'cross-icon') or @alt='cross-icon']
2025-12-07 10:47:27,353    : Element not found with XPATH : //*[text() = 'SKIP AND CONTINUE']
2025-12-07 10:47:28,401    : Naukri Login Successful
2025-12-07 10:47:39,952    : Element not found with XPATH : //*[contains(@class, 'crossIcon')]
2025-12-07 10:47:51,305    : Element not found with XPATH : //*[@name='mobile'] | //*[@id='mob_number']
2025-12-07 10:47:54,375    : Element not found with XPATH : //*[@name='mobile'] | //*[@id='mob_number']
2025-12-07 10:47:55,580    : Profile Update Successful
2025-12-07 10:48:12,971    : Element not found with XPATH : //*[contains(@class, 'crossIcon')]
2025-12-07 10:48:20,331    : Element not found with ID : //button[@type='button']
2025-12-07 10:48:21,407    : Resume Document Upload Successful. Last Updated date = Uploaded on Dec 07, 2025
2025-12-07 10:48:23,590    : Driver Closed Successfully
2025-12-07 10:48:26,693    : Driver Quit Successfully
2025-12-07 10:48:26,694    : -----Naukri.py Script Run Ended-----

2025-12-07 10:49:38,495    : -----Naukri.py Script Run Begin-----
2025-12-07 10:49:40,742    : Google Chrome Launched!
2025-12-07 10:49:43,847    : Jobseeker's Login: Search the Best Jobs available in India & Abroad - Naukri.com
2025-12-07 10:49:43,855    : Website Loaded Successfully.
2025-12-07 10:50:01,572    : Element not found with XPATH : //*[contains(@class, 'cross-icon') or @alt='cross-icon']
2025-12-07 10:50:06,610    : Element not found with XPATH : //*[text() = 'SKIP AND CONTINUE']
2025-12-07 10:50:07,647    : Naukri Login Successful
2025-12-07 10:50:19,127    : Element not found with XPATH : //*[contains(@class, 'crossIcon')]
2025-12-07 10:50:30,421    : Element not found with XPATH : //*[@name='mobile'] | //*[@id='mob_number']
2025-12-07 10:50:33,446    : Element not found with XPATH : //*[@name='mobile'] | //*[@id='mob_number']
2025-12-07 10:50:34,637    : Profile Update Successful
2025-12-07 10:50:52,023    : Element not found with XPATH : //*[contains(@class, 'crossIcon')]
2025-12-07 10:50:59,382    : Element not found with ID : //button[@type='button']
2025-12-07 10:51:00,460    : Resume Document Upload Successful. Last Updated date = Uploaded on Dec 07, 2025
2025-12-07 10:51:02,644    : Driver Closed Successfully
2025-12-07 10:51:05,921    : Driver Quit Successfully
2025-12-07 10:51:05,921    : -----Naukri.py Script Run Ended-----

2025-12-09 11:29:26,053    : -----Naukri.py Script Run Begin-----
2025-12-09 11:29:32,753    : Google Chrome Launched!
2025-12-09 11:29:35,322    : Jobseeker's Login: Search the Best Jobs available in India & Abroad - Naukri.com
2025-12-09 11:29:35,329    : Website Loaded Successfully.
2025-12-09 11:29:53,183    : Element not found with XPATH : //*[contains(@class, 'cross-icon') or @alt='cross-icon']
2025-12-09 11:29:58,216    : Element not found with XPATH : //*[text() = 'SKIP AND CONTINUE']
2025-12-09 11:29:59,254    : Naukri Login Successful
2025-12-09 11:30:01,376    : <class 'selenium.common.exceptions.ElementClickInterceptedException'> : Message: element click intercepted: Element <a href="/mnjuser/profile">...</a> is not clickable at point (315, 321). Other element would receive the click: <div id="_yhrtccqdx2" class="chatbot_Overlay show"></div>
  (Session info: chrome=143.0.7499.40); For documentation on this error, please visit: https://www.selenium.dev/documentation/webdriver/troubleshooting/errors#elementclickinterceptedexception
Stacktrace:
Symbols not available. Dumping unresolved backtrace:
	0x7ff6ba048255
	0x7ff6ba0482b0
	0x7ff6b9e2165d
	0x7ff6b9e819e8
	0x7ff6b9e7f40f
	0x7ff6b9e7c417
	0x7ff6b9e7b338
	0x7ff6b9e6ce7f
	0x7ff6b9ea1fda
	0x7ff6b9e6c746
	0x7ff6b9ecac97
	0x7ff6b9e6ac29
	0x7ff6b9e6ba93
	0x7ff6ba35fff0
	0x7ff6ba35a930
	0x7ff6ba379096
	0x7ff6ba065754
	0x7ff6ba06e6fc
	0x7ff6ba051974
	0x7ff6ba051b25
	0x7ff6ba037852
	0x7ffabc67e8d7
	0x7ffabe00c53c
 at Line 257.
2025-12-09 11:30:13,872    : Element not found with XPATH : //*[contains(@class, 'crossIcon')]
2025-12-09 11:30:21,216    : Element not found with ID : //button[@type='button']
2025-12-09 11:30:22,286    : Resume Document Upload Successful. Last Updated date = Uploaded on Dec 09, 2025
2025-12-09 11:30:24,474    : Driver Closed Successfully
2025-12-09 11:30:27,369    : Driver Quit Successfully
2025-12-09 11:30:27,370    : -----Naukri.py Script Run Ended-----

2025-12-09 11:31:17,798    : -----Naukri.py Script Run Begin-----
2025-12-09 11:31:20,148    : Google Chrome Launched!
2025-12-09 11:31:21,459    : Jobseeker's Login: Search the Best Jobs available in India & Abroad - Naukri.com
2025-12-09 11:31:21,501    : Website Loaded Successfully.
2025-12-09 11:31:39,788    : Element not found with XPATH : //*[contains(@class, 'cross-icon') or @alt='cross-icon']
2025-12-09 11:31:44,819    : Element not found with XPATH : //*[text() = 'SKIP AND CONTINUE']
2025-12-09 11:31:45,854    : Naukri Login Successful
2025-12-09 11:31:57,495    : Element not found with XPATH : //*[contains(@class, 'crossIcon')]
2025-12-09 11:32:08,764    : Element not found with XPATH : //*[@name='mobile'] | //*[@id='mob_number']
2025-12-09 11:32:11,803    : Element not found with XPATH : //*[@name='mobile'] | //*[@id='mob_number']
2025-12-09 11:32:13,017    : Profile Update Successful
2025-12-09 11:32:30,391    : Element not found with XPATH : //*[contains(@class, 'crossIcon')]
2025-12-09 11:32:37,727    : Element not found with ID : //button[@type='button']
2025-12-09 11:32:38,789    : Resume Document Upload Successful. Last Updated date = Uploaded on Dec 09, 2025
2025-12-09 11:32:40,982    : Driver Closed Successfully
2025-12-09 11:32:43,879    : Driver Quit Successfully
2025-12-09 11:32:43,879    : -----Naukri.py Script Run Ended-----

2025-12-09 11:33:06,015    : -----Naukri.py Script Run Begin-----
2025-12-09 11:33:07,464    : Google Chrome Launched!
2025-12-09 11:33:11,376    : Jobseeker's Login: Search the Best Jobs available in India & Abroad - Naukri.com
2025-12-09 11:33:11,379    : Website Loaded Successfully.
2025-12-09 11:33:28,591    : Element not found with XPATH : //*[contains(@class, 'cross-icon') or @alt='cross-icon']
2025-12-09 11:33:33,581    : Element not found with XPATH : //*[text() = 'SKIP AND CONTINUE']
2025-12-09 11:33:34,593    : Naukri Login Successful
2025-12-09 11:33:45,804    : Element not found with XPATH : //*[contains(@class, 'crossIcon')]
2025-12-09 11:33:56,890    : Element not found with XPATH : //*[@name='mobile'] | //*[@id='mob_number']
2025-12-09 11:33:59,935    : Element not found with XPATH : //*[@name='mobile'] | //*[@id='mob_number']
2025-12-09 11:34:01,012    : Profile Update Successful
2025-12-09 11:34:18,195    : Element not found with XPATH : //*[contains(@class, 'crossIcon')]
2025-12-09 11:34:25,304    : Element not found with ID : //button[@type='button']
2025-12-09 11:34:26,333    : Resume Document Upload Successful. Last Updated date = Uploaded on Dec 09, 2025
2025-12-09 11:34:28,473    : Driver Closed Successfully
2025-12-09 11:34:30,760    : Driver Quit Successfully
2025-12-09 11:34:30,760    : -----Naukri.py Script Run Ended-----

2025-12-16 09:26:28,263    : -----Naukri.py Script Run Begin-----
2025-12-16 09:26:32,316    : Google Chrome Launched!
2025-12-16 09:26:33,669    : Jobseeker's Login: Search the Best Jobs available in India & Abroad - Naukri.com
2025-12-16 09:26:33,673    : Website Loaded Successfully.
2025-12-16 09:26:50,972    : Element not found with XPATH : //*[contains(@class, 'cross-icon') or @alt='cross-icon']
2025-12-16 09:26:55,964    : Element not found with XPATH : //*[text() = 'SKIP AND CONTINUE']
2025-12-16 09:26:56,987    : Naukri Login Successful
2025-12-16 09:27:08,255    : Element not found with XPATH : //*[contains(@class, 'crossIcon')]
2025-12-16 09:27:19,362    : Element not found with XPATH : //*[@name='mobile'] | //*[@id='mob_number']
2025-12-16 09:27:22,420    : Element not found with XPATH : //*[@name='mobile'] | //*[@id='mob_number']
2025-12-16 09:27:23,515    : Profile Update Successful
2025-12-16 09:27:40,690    : Element not found with XPATH : //*[contains(@class, 'crossIcon')]
2025-12-16 09:27:47,818    : Element not found with ID : //button[@type='button']
2025-12-16 09:27:48,845    : Resume Document Upload Successful. Last Updated date = Uploaded on Dec 16, 2025
2025-12-16 09:27:50,968    : Driver Closed Successfully
2025-12-16 09:27:53,262    : Driver Quit Successfully
2025-12-16 09:27:53,262    : -----Naukri.py Script Run Ended-----

2025-12-16 09:30:31,818    : -----Naukri.py Script Run Begin-----
2025-12-16 09:30:33,227    : Google Chrome Launched!
2025-12-16 09:30:34,483    : Jobseeker's Login: Search the Best Jobs available in India & Abroad - Naukri.com
2025-12-16 09:30:34,488    : Website Loaded Successfully.
2025-12-16 09:30:51,738    : Element not found with XPATH : //*[contains(@class, 'cross-icon') or @alt='cross-icon']
2025-12-16 09:30:56,739    : Element not found with XPATH : //*[text() = 'SKIP AND CONTINUE']
2025-12-16 09:30:57,754    : Naukri Login Successful
2025-12-16 09:30:59,855    : <class 'selenium.common.exceptions.ElementClickInterceptedException'> : Message: element click intercepted: Element <a href="/mnjuser/profile">...</a> is not clickable at point (315, 321). Other element would receive the click: <div id="_iororjvfr2" class="chatbot_Overlay show"></div>
  (Session info: chrome=143.0.7499.41); For documentation on this error, please visit: https://www.selenium.dev/documentation/webdriver/troubleshooting/errors#elementclickinterceptedexception
Stacktrace:
Symbols not available. Dumping unresolved backtrace:
	0x7ff728ef8245
	0x7ff728ef82a0
	0x7ff728cd165d
	0x7ff728d319e8
	0x7ff728d2f40f
	0x7ff728d2c417
	0x7ff728d2b338
	0x7ff728d1ce7f
	0x7ff728d51fda
	0x7ff728d1c746
	0x7ff728d7ac97
	0x7ff728d1ac29
	0x7ff728d1ba93
	0x7ff72920ffe0
	0x7ff72920a920
	0x7ff729229086
	0x7ff728f15744
	0x7ff728f1e6ec
	0x7ff728f01964
	0x7ff728f01b15
	0x7ff728ee7842
	0x7ffa29bfe8d7
	0x7ffa2a98c53c
 at Line 257.
2025-12-16 09:31:12,083    : Element not found with XPATH : //*[contains(@class, 'crossIcon')]
2025-12-16 09:31:19,189    : Element not found with ID : //button[@type='button']
2025-12-16 09:31:20,222    : Resume Document Upload Successful. Last Updated date = Uploaded on Dec 16, 2025
2025-12-16 09:31:22,335    : Driver Closed Successfully
2025-12-16 09:31:24,628    : Driver Quit Successfully
2025-12-16 09:31:24,628    : -----Naukri.py Script Run Ended-----

2025-12-18 10:31:54,509    : -----Naukri.py Script Run Begin-----
2025-12-18 10:32:00,401    : Google Chrome Launched!
2025-12-18 10:32:02,224    : Jobseeker's Login: Search the Best Jobs available in India & Abroad - Naukri.com
2025-12-18 10:32:02,235    : Website Loaded Successfully.
2025-12-18 10:32:20,041    : Element not found with XPATH : //*[contains(@class, 'cross-icon') or @alt='cross-icon']
2025-12-18 10:32:25,100    : Element not found with XPATH : //*[text() = 'SKIP AND CONTINUE']
2025-12-18 10:32:26,138    : Naukri Login Successful
2025-12-18 10:32:37,772    : Element not found with XPATH : //*[contains(@class, 'crossIcon')]
2025-12-18 10:32:49,141    : Element not found with XPATH : //*[@name='mobile'] | //*[@id='mob_number']
2025-12-18 10:32:52,188    : Element not found with XPATH : //*[@name='mobile'] | //*[@id='mob_number']
2025-12-18 10:32:53,383    : Profile Update Successful
2025-12-18 10:33:10,844    : Element not found with XPATH : //*[contains(@class, 'crossIcon')]
2025-12-18 10:33:18,229    : Element not found with ID : //button[@type='button']
2025-12-18 10:33:19,308    : Resume Document Upload Successful. Last Updated date = Uploaded on Dec 18, 2025
2025-12-18 10:33:21,672    : Driver Closed Successfully
2025-12-18 10:33:24,562    : Driver Quit Successfully
2025-12-18 10:33:24,562    : -----Naukri.py Script Run Ended-----

2025-12-18 10:33:52,306    : -----Naukri.py Script Run Begin-----
2025-12-18 10:33:54,804    : Google Chrome Launched!
2025-12-18 10:33:56,228    : Jobseeker's Login: Search the Best Jobs available in India & Abroad - Naukri.com
2025-12-18 10:33:56,238    : Website Loaded Successfully.
2025-12-18 10:34:14,101    : Element not found with XPATH : //*[contains(@class, 'cross-icon') or @alt='cross-icon']
2025-12-18 10:34:19,145    : Element not found with XPATH : //*[text() = 'SKIP AND CONTINUE']
2025-12-18 10:34:20,185    : Naukri Login Successful
2025-12-18 10:34:31,833    : Element not found with XPATH : //*[contains(@class, 'crossIcon')]
2025-12-18 10:34:43,208    : Element not found with XPATH : //*[@name='mobile'] | //*[@id='mob_number']
2025-12-18 10:34:46,253    : Element not found with XPATH : //*[@name='mobile'] | //*[@id='mob_number']
2025-12-18 10:34:47,528    : Profile Update Successful
2025-12-18 10:35:04,975    : Element not found with XPATH : //*[contains(@class, 'crossIcon')]
2025-12-18 10:35:12,331    : Element not found with ID : //button[@type='button']
2025-12-18 10:35:13,404    : Resume Document Upload Successful. Last Updated date = Uploaded on Dec 18, 2025
2025-12-18 10:35:15,806    : Driver Closed Successfully
2025-12-18 10:35:18,902    : Driver Quit Successfully
2025-12-18 10:35:18,902    : -----Naukri.py Script Run Ended-----

2025-12-23 10:01:53,612    : -----Naukri.py Script Run Begin-----
2025-12-23 10:01:58,526    : Google Chrome Launched!
2025-12-23 10:02:01,282    : Jobseeker's Login: Search the Best Jobs available in India & Abroad - Naukri.com
2025-12-23 10:02:01,293    : Website Loaded Successfully.
2025-12-23 10:02:19,481    : Element not found with XPATH : //*[contains(@class, 'cross-icon') or @alt='cross-icon']
2025-12-23 10:02:24,521    : Element not found with XPATH : //*[text() = 'SKIP AND CONTINUE']
2025-12-23 10:02:25,564    : Naukri Login Successful
2025-12-23 10:02:27,701    : <class 'selenium.common.exceptions.ElementClickInterceptedException'> : Message: element click intercepted: Element <a href="/mnjuser/profile">...</a> is not clickable at point (315, 321). Other element would receive the click: <div id="_a9uactqr72" class="chatbot_Overlay show"></div>
  (Session info: chrome=143.0.7499.41); For documentation on this error, please visit: https://www.selenium.dev/documentation/webdriver/troubleshooting/errors#elementclickinterceptedexception
Stacktrace:
Symbols not available. Dumping unresolved backtrace:
	0x7ff6aaf188e5
	0x7ff6aaf18940
	0x7ff6aacf165d
	0x7ff6aad519e8
	0x7ff6aad4f40f
	0x7ff6aad4c417
	0x7ff6aad4b338
	0x7ff6aad3ce7f
	0x7ff6aad71fda
	0x7ff6aad3c746
	0x7ff6aad9ac97
	0x7ff6aad3ac29
	0x7ff6aad3ba93
	0x7ff6ab230640
	0x7ff6ab22af80
	0x7ff6ab2496e6
	0x7ff6aaf35de4
	0x7ff6aaf3ed8c
	0x7ff6aaf22004
	0x7ff6aaf221b5
	0x7ff6aaf07ee2
	0x7ffa29bfe8d7
	0x7ffa2a98c53c
 at Line 257.
2025-12-23 10:02:40,237    : Element not found with XPATH : //*[contains(@class, 'crossIcon')]
2025-12-23 10:02:47,631    : Element not found with ID : //button[@type='button']
2025-12-23 10:02:48,715    : Resume Document Upload Successful. Last Updated date = Uploaded on Dec 23, 2025
2025-12-23 10:02:50,996    : Driver Closed Successfully
2025-12-23 10:02:53,781    : Driver Quit Successfully
2025-12-23 10:02:53,781    : -----Naukri.py Script Run Ended-----

2025-12-23 10:02:57,654    : -----Naukri.py Script Run Begin-----
2025-12-23 10:03:00,264    : Google Chrome Launched!
2025-12-23 10:03:00,866    : Jobseeker's Login: Search the Best Jobs available in India & Abroad - Naukri.com
2025-12-23 10:03:00,883    : Website Loaded Successfully.
2025-12-23 10:03:18,967    : Element not found with XPATH : //*[contains(@class, 'cross-icon') or @alt='cross-icon']
2025-12-23 10:03:24,017    : Element not found with XPATH : //*[text() = 'SKIP AND CONTINUE']
2025-12-23 10:03:25,064    : Naukri Login Successful
2025-12-23 10:03:27,208    : <class 'selenium.common.exceptions.ElementClickInterceptedException'> : Message: element click intercepted: Element <a href="/mnjuser/profile">...</a> is not clickable at point (315, 321). Other element would receive the click: <div id="_fby4lmek52" class="chatbot_Overlay show"></div>
  (Session info: chrome=143.0.7499.41); For documentation on this error, please visit: https://www.selenium.dev/documentation/webdriver/troubleshooting/errors#elementclickinterceptedexception
Stacktrace:
Symbols not available. Dumping unresolved backtrace:
	0x7ff6aaf188e5
	0x7ff6aaf18940
	0x7ff6aacf165d
	0x7ff6aad519e8
	0x7ff6aad4f40f
	0x7ff6aad4c417
	0x7ff6aad4b338
	0x7ff6aad3ce7f
	0x7ff6aad71fda
	0x7ff6aad3c746
	0x7ff6aad9ac97
	0x7ff6aad3ac29
	0x7ff6aad3ba93
	0x7ff6ab230640
	0x7ff6ab22af80
	0x7ff6ab2496e6
	0x7ff6aaf35de4
	0x7ff6aaf3ed8c
	0x7ff6aaf22004
	0x7ff6aaf221b5
	0x7ff6aaf07ee2
	0x7ffa29bfe8d7
	0x7ffa2a98c53c
 at Line 257.
2025-12-23 10:03:39,605    : Element not found with XPATH : //*[contains(@class, 'crossIcon')]
2025-12-23 10:03:46,963    : Element not found with ID : //button[@type='button']
2025-12-23 10:03:48,056    : Resume Document Upload Successful. Last Updated date = Uploaded on Dec 23, 2025
2025-12-23 10:03:50,405    : Driver Closed Successfully
2025-12-23 10:03:53,471    : Driver Quit Successfully
2025-12-23 10:03:53,472    : -----Naukri.py Script Run Ended-----

2025-12-26 11:01:34,347    : -----Naukri.py Script Run Begin-----
2025-12-26 11:01:37,175    : Google Chrome Launched!
2025-12-26 11:01:38,716    : Jobseeker's Login: Search the Best Jobs available in India & Abroad - Naukri.com
2025-12-26 11:01:38,727    : Website Loaded Successfully.
2025-12-26 11:01:56,574    : Element not found with XPATH : //*[contains(@class, 'cross-icon') or @alt='cross-icon']
2025-12-26 11:02:01,628    : Element not found with XPATH : //*[text() = 'SKIP AND CONTINUE']
2025-12-26 11:02:02,673    : Naukri Login Successful
2025-12-26 11:02:14,642    : Element not found with XPATH : //*[contains(@class, 'crossIcon')]
2025-12-26 11:02:26,051    : Element not found with XPATH : //*[@name='mobile'] | //*[@id='mob_number']
2025-12-26 11:02:29,111    : Element not found with XPATH : //*[@name='mobile'] | //*[@id='mob_number']
2025-12-26 11:02:30,361    : Profile Update Successful
2025-12-26 11:02:48,339    : Element not found with XPATH : //*[contains(@class, 'crossIcon')]
2025-12-26 11:02:55,744    : Element not found with ID : //button[@type='button']
2025-12-26 11:02:56,891    : Resume Document Upload Successful. Last Updated date = Uploaded on Dec 26, 2025
2025-12-26 11:02:59,161    : Driver Closed Successfully
2025-12-26 11:03:01,811    : Driver Quit Successfully
2025-12-26 11:03:01,811    : -----Naukri.py Script Run Ended-----

2025-12-26 11:03:05,533    : -----Naukri.py Script Run Begin-----
2025-12-26 11:03:07,697    : Google Chrome Launched!
2025-12-26 11:03:09,111    : Jobseeker's Login: Search the Best Jobs available in India & Abroad - Naukri.com
2025-12-26 11:03:09,119    : Website Loaded Successfully.
2025-12-26 11:03:26,906    : Element not found with XPATH : //*[contains(@class, 'cross-icon') or @alt='cross-icon']
2025-12-26 11:03:31,951    : Element not found with XPATH : //*[text() = 'SKIP AND CONTINUE']
2025-12-26 11:03:32,987    : Naukri Login Successful
2025-12-26 11:03:44,992    : Element not found with XPATH : //*[contains(@class, 'crossIcon')]
2025-12-26 11:03:56,332    : Element not found with XPATH : //*[@name='mobile'] | //*[@id='mob_number']
2025-12-26 11:03:59,381    : Element not found with XPATH : //*[@name='mobile'] | //*[@id='mob_number']
2025-12-26 11:04:00,591    : Profile Update Successful
2025-12-26 11:04:18,670    : Element not found with XPATH : //*[contains(@class, 'crossIcon')]
2025-12-26 11:04:26,042    : Element not found with ID : //button[@type='button']
2025-12-26 11:04:27,112    : Resume Document Upload Successful. Last Updated date = Uploaded on Dec 26, 2025
2025-12-26 11:04:29,340    : Driver Closed Successfully
2025-12-26 11:04:32,507    : Driver Quit Successfully
2025-12-26 11:04:32,508    : -----Naukri.py Script Run Ended-----

2025-12-29 11:31:51,688    : -----Naukri.py Script Run Begin-----
2025-12-29 11:31:54,559    : Google Chrome Launched!
2025-12-29 11:31:57,219    : Jobseeker's Login: Search the Best Jobs available in India & Abroad - Naukri.com
2025-12-29 11:31:57,230    : Website Loaded Successfully.
2025-12-29 11:32:15,091    : Element not found with XPATH : //*[contains(@class, 'cross-icon') or @alt='cross-icon']
2025-12-29 11:32:20,133    : Element not found with XPATH : //*[text() = 'SKIP AND CONTINUE']
2025-12-29 11:32:21,174    : Naukri Login Successful
2025-12-29 11:32:33,179    : Element not found with XPATH : //*[contains(@class, 'crossIcon')]
2025-12-29 11:32:44,516    : Element not found with XPATH : //*[@name='mobile'] | //*[@id='mob_number']
2025-12-29 11:32:47,526    : Element not found with XPATH : //*[@name='mobile'] | //*[@id='mob_number']
2025-12-29 11:32:48,730    : Profile Update Successful
2025-12-29 11:33:06,530    : Element not found with XPATH : //*[contains(@class, 'crossIcon')]
2025-12-29 11:33:13,891    : Element not found with ID : //button[@type='button']
2025-12-29 11:33:14,961    : Resume Document Upload Successful. Last Updated date = Uploaded on Dec 29, 2025
2025-12-29 11:33:17,201    : Driver Closed Successfully
2025-12-29 11:33:20,246    : Driver Quit Successfully
2025-12-29 11:33:20,247    : -----Naukri.py Script Run Ended-----

2025-12-29 11:34:21,319    : -----Naukri.py Script Run Begin-----
2025-12-29 11:34:23,421    : Google Chrome Launched!
2025-12-29 11:34:26,228    : Jobseeker's Login: Search the Best Jobs available in India & Abroad - Naukri.com
2025-12-29 11:34:26,236    : Website Loaded Successfully.
2025-12-29 11:34:43,985    : Element not found with XPATH : //*[contains(@class, 'cross-icon') or @alt='cross-icon']
2025-12-29 11:34:49,031    : Element not found with XPATH : //*[text() = 'SKIP AND CONTINUE']
2025-12-29 11:34:50,070    : Naukri Login Successful
2025-12-29 11:35:01,933    : Element not found with XPATH : //*[contains(@class, 'crossIcon')]
2025-12-29 11:35:13,261    : Element not found with XPATH : //*[@name='mobile'] | //*[@id='mob_number']
2025-12-29 11:35:16,329    : Element not found with XPATH : //*[@name='mobile'] | //*[@id='mob_number']
2025-12-29 11:35:17,519    : Profile Update Successful
2025-12-29 11:35:35,284    : Element not found with XPATH : //*[contains(@class, 'crossIcon')]
2025-12-29 11:35:42,623    : Element not found with ID : //button[@type='button']
2025-12-29 11:35:43,687    : Resume Document Upload Successful. Last Updated date = Uploaded on Dec 29, 2025
2025-12-29 11:35:45,922    : Driver Closed Successfully
2025-12-29 11:35:48,870    : Driver Quit Successfully
2025-12-29 11:35:48,871    : -----Naukri.py Script Run Ended-----

2025-12-31 09:02:03,493    : -----Naukri.py Script Run Begin-----
2025-12-31 09:02:05,555    : Google Chrome Launched!
2025-12-31 09:02:08,706    : Jobseeker's Login: Search the Best Jobs available in India & Abroad - Naukri.com
2025-12-31 09:02:08,716    : Website Loaded Successfully.
2025-12-31 09:02:26,497    : Element not found with XPATH : //*[contains(@class, 'cross-icon') or @alt='cross-icon']
2025-12-31 09:02:31,522    : Element not found with XPATH : //*[text() = 'SKIP AND CONTINUE']
2025-12-31 09:02:32,571    : Naukri Login Successful
2025-12-31 09:02:44,435    : Element not found with XPATH : //*[contains(@class, 'crossIcon')]
2025-12-31 09:02:55,765    : Element not found with XPATH : //*[@name='mobile'] | //*[@id='mob_number']
2025-12-31 09:02:58,786    : Element not found with XPATH : //*[@name='mobile'] | //*[@id='mob_number']
2025-12-31 09:03:00,002    : Profile Update Successful
2025-12-31 09:03:17,805    : Element not found with XPATH : //*[contains(@class, 'crossIcon')]
2025-12-31 09:03:25,200    : Element not found with ID : //button[@type='button']
2025-12-31 09:03:26,278    : Resume Document Upload Successful. Last Updated date = Uploaded on Dec 31, 2025
2025-12-31 09:03:28,514    : Driver Closed Successfully
2025-12-31 09:03:31,231    : Driver Quit Successfully
2025-12-31 09:03:31,231    : -----Naukri.py Script Run Ended-----

2025-12-31 09:03:48,277    : -----Naukri.py Script Run Begin-----
2025-12-31 09:03:50,547    : Google Chrome Launched!
2025-12-31 09:03:51,904    : Jobseeker's Login: Search the Best Jobs available in India & Abroad - Naukri.com
2025-12-31 09:03:51,914    : Website Loaded Successfully.
2025-12-31 09:04:09,761    : Element not found with XPATH : //*[contains(@class, 'cross-icon') or @alt='cross-icon']
2025-12-31 09:04:14,835    : Element not found with XPATH : //*[text() = 'SKIP AND CONTINUE']
2025-12-31 09:04:15,905    : Naukri Login Successful
2025-12-31 09:04:18,045    : <class 'selenium.common.exceptions.ElementClickInterceptedException'> : Message: element click intercepted: Element <a href="/mnjuser/profile">...</a> is not clickable at point (315, 321). Other element would receive the click: <div id="_e4cmly6py2" class="chatbot_Overlay show"></div>
  (Session info: chrome=143.0.7499.170); For documentation on this error, please visit: https://www.selenium.dev/documentation/webdriver/troubleshooting/errors#elementclickinterceptedexception
Stacktrace:
Symbols not available. Dumping unresolved backtrace:
	0x7ff6b92788e5
	0x7ff6b9278940
	0x7ff6b905165d
	0x7ff6b90b19e8
	0x7ff6b90af40f
	0x7ff6b90ac417
	0x7ff6b90ab338
	0x7ff6b909ce7f
	0x7ff6b90d1fda
	0x7ff6b909c746
	0x7ff6b90fac97
	0x7ff6b909ac29
	0x7ff6b909ba93
	0x7ff6b9590640
	0x7ff6b958af80
	0x7ff6b95a96e6
	0x7ff6b9295de4
	0x7ff6b929ed8c
	0x7ff6b9282004
	0x7ff6b92821b5
	0x7ff6b9267ee2
	0x7fff352fe8d7
	0x7fff366ec53c
 at Line 257.
2025-12-31 09:04:30,763    : Element not found with XPATH : //*[contains(@class, 'crossIcon')]
2025-12-31 09:04:38,160    : Element not found with ID : //button[@type='button']
2025-12-31 09:04:39,232    : Resume Document Upload Successful. Last Updated date = Uploaded on Dec 31, 2025
2025-12-31 09:04:41,528    : Driver Closed Successfully
2025-12-31 09:04:44,658    : Driver Quit Successfully
2025-12-31 09:04:44,658    : -----Naukri.py Script Run Ended-----

2026-01-06 12:37:39,550    : -----Naukri.py Script Run Begin-----
2026-01-06 12:37:51,860    : There was an error managing chromedriver (error sending request for url (https://googlechromelabs.github.io/chrome-for-testing/known-good-versions-with-downloads.json)); using driver found in the cache
2026-01-06 12:37:51,860    : Error sending stats to Plausible: error sending request for url (https://plausible.io/api/event)
2026-01-06 12:37:53,228    : Google Chrome Launched!
2026-01-06 12:38:46,998    : <class 'selenium.common.exceptions.InvalidSessionIdException'> : Message: invalid session id: session deleted as the browser has closed the connection
from disconnected: Unable to receive message from renderer
  (Session info: chrome=143.0.7499.170); For documentation on this error, please visit: https://www.selenium.dev/documentation/webdriver/troubleshooting/errors#invalidsessionidexception
Stacktrace:
Symbols not available. Dumping unresolved backtrace:
	0x7ff72bdd8245
	0x7ff72bdd82a0
	0x7ff72bbb165d
	0x7ff72bb9e847
	0x7ff72bb9e5bd
	0x7ff72bb9c20a
	0x7ff72bb9c9f2
	0x7ff72bbb5950
	0x7ff72bc5bad4
	0x7ff72bc31fda
	0x7ff72bc5ac97
	0x7ff72bbfac29
	0x7ff72bbfba93
	0x7ff72c0effe0
	0x7ff72c0ea920
	0x7ff72c109086
	0x7ff72bdf5744
	0x7ff72bdfe6ec
	0x7ff72bde1964
	0x7ff72bde1b15
	0x7ff72bdc7842
	0x7ffde1a2e8d7
	0x7ffde330c53c
 at Line 194.
2026-01-06 12:38:46,999    : <class 'AttributeError'> : 'NoneType' object has no attribute 'close' at Line 139.
2026-01-06 12:38:46,999    : <class 'AttributeError'> : 'NoneType' object has no attribute 'quit' at Line 146.
2026-01-06 12:38:46,999    : -----Naukri.py Script Run Ended-----

2026-01-06 12:40:28,855    : -----Naukri.py Script Run Begin-----
2026-01-06 12:40:38,828    : Google Chrome Launched!
2026-01-06 12:40:41,873    : Jobseeker's Login: Search the Best Jobs available in India & Abroad - Naukri.com
2026-01-06 12:40:41,891    : Website Loaded Successfully.
2026-01-06 12:41:00,496    : Element not found with XPATH : //*[contains(@class, 'cross-icon') or @alt='cross-icon']
2026-01-06 12:41:05,593    : Element not found with XPATH : //*[text() = 'SKIP AND CONTINUE']
2026-01-06 12:41:06,655    : Naukri Login Successful
2026-01-06 12:41:08,982    : <class 'selenium.common.exceptions.ElementClickInterceptedException'> : Message: element click intercepted: Element <a href="/mnjuser/profile">...</a> is not clickable at point (315, 321). Other element would receive the click: <div id="_d1dpr7gyk2" class="chatbot_Overlay show"></div>
  (Session info: chrome=143.0.7499.170); For documentation on this error, please visit: https://www.selenium.dev/documentation/webdriver/troubleshooting/errors#elementclickinterceptedexception
Stacktrace:
Symbols not available. Dumping unresolved backtrace:
	0x7ff6b6d588e5
	0x7ff6b6d58940
	0x7ff6b6b3165d
	0x7ff6b6b919e8
	0x7ff6b6b8f40f
	0x7ff6b6b8c417
	0x7ff6b6b8b338
	0x7ff6b6b7ce7f
	0x7ff6b6bb1fda
	0x7ff6b6b7c746
	0x7ff6b6bdac97
	0x7ff6b6b7ac29
	0x7ff6b6b7ba93
	0x7ff6b7070640
	0x7ff6b706af80
	0x7ff6b70896e6
	0x7ff6b6d75de4
	0x7ff6b6d7ed8c
	0x7ff6b6d62004
	0x7ff6b6d621b5
	0x7ff6b6d47ee2
	0x7ffde1a2e8d7
	0x7ffde330c53c
 at Line 257.
2026-01-06 12:41:22,198    : Element not found with XPATH : //*[contains(@class, 'crossIcon')]
2026-01-06 12:41:29,864    : Element not found with ID : //button[@type='button']
2026-01-06 12:41:31,058    : Resume Document Upload Successful. Last Updated date = Uploaded on Jan 06, 2026
2026-01-06 12:41:33,340    : Driver Closed Successfully
2026-01-06 12:41:39,421    : Driver Quit Successfully
2026-01-06 12:41:39,421    : -----Naukri.py Script Run Ended-----

2026-01-06 12:41:44,583    : -----Naukri.py Script Run Begin-----
2026-01-06 12:41:49,478    : Google Chrome Launched!
2026-01-06 12:41:52,297    : Jobseeker's Login: Search the Best Jobs available in India & Abroad - Naukri.com
2026-01-06 12:41:52,314    : Website Loaded Successfully.
2026-01-06 12:42:10,840    : Element not found with XPATH : //*[contains(@class, 'cross-icon') or @alt='cross-icon']
2026-01-06 12:42:15,934    : Element not found with XPATH : //*[text() = 'SKIP AND CONTINUE']
2026-01-06 12:42:17,011    : Naukri Login Successful
2026-01-06 12:42:29,898    : Element not found with XPATH : //*[contains(@class, 'crossIcon')]
2026-01-06 12:42:41,483    : Element not found with XPATH : //*[@name='mobile'] | //*[@id='mob_number']
2026-01-06 12:42:44,500    : Element not found with XPATH : //*[@name='mobile'] | //*[@id='mob_number']
2026-01-06 12:42:46,053    : Profile Update Successful
2026-01-06 12:43:04,391    : Element not found with XPATH : //*[contains(@class, 'crossIcon')]
2026-01-06 12:43:12,041    : Element not found with ID : //button[@type='button']
2026-01-06 12:43:13,181    : Resume Document Upload Successful. Last Updated date = Uploaded on Jan 06, 2026
2026-01-06 12:43:15,473    : Driver Closed Successfully
2026-01-06 12:43:18,598    : Driver Quit Successfully
2026-01-06 12:43:18,599    : -----Naukri.py Script Run Ended-----

2026-01-21 08:53:36,021    : -----Naukri.py Script Run Begin-----
2026-01-21 08:53:45,586    : Google Chrome Launched!
2026-01-21 08:53:49,211    : Jobseeker's Login: Search the Best Jobs available in India & Abroad - Naukri.com
2026-01-21 08:53:49,222    : Website Loaded Successfully.
2026-01-21 08:54:07,017    : Element not found with XPATH : //*[contains(@class, 'cross-icon') or @alt='cross-icon']
2026-01-21 08:54:12,052    : Element not found with XPATH : //*[text() = 'SKIP AND CONTINUE']
2026-01-21 08:54:13,122    : Naukri Login Successful
2026-01-21 08:54:15,271    : <class 'selenium.common.exceptions.ElementClickInterceptedException'> : Message: element click intercepted: Element <a href="/mnjuser/profile">...</a> is not clickable at point (315, 321). Other element would receive the click: <div id="_ssrkj4hxg2" class="chatbot_Overlay show"></div>
  (Session info: chrome=143.0.7499.193); For documentation on this error, please visit: https://www.selenium.dev/documentation/webdriver/troubleshooting/errors#elementclickinterceptedexception
Stacktrace:
Symbols not available. Dumping unresolved backtrace:
	0x7ff7e6e888d5
	0x7ff7e6e88930
	0x7ff7e6c6165d
	0x7ff7e6cc19e8
	0x7ff7e6cbf40f
	0x7ff7e6cbc417
	0x7ff7e6cbb338
	0x7ff7e6cace7f
	0x7ff7e6ce1fda
	0x7ff7e6cac746
	0x7ff7e6d0ac97
	0x7ff7e6caac29
	0x7ff7e6caba93
	0x7ff7e71a0620
	0x7ff7e719af60
	0x7ff7e71b96c6
	0x7ff7e6ea5dd4
	0x7ff7e6eaed7c
	0x7ff7e6e91ff4
	0x7ff7e6e921a5
	0x7ff7e6e77ed2
	0x7ffa6278e8d7
	0x7ffa6434c53c
 at Line 257.
2026-01-21 08:54:28,477    : Element not found with XPATH : //*[contains(@class, 'crossIcon')]
2026-01-21 08:54:35,874    : Element not found with ID : //button[@type='button']
2026-01-21 08:54:36,938    : Resume Document Upload Successful. Last Updated date = Uploaded on Jan 21, 2026
2026-01-21 08:54:39,217    : Driver Closed Successfully
2026-01-21 08:54:42,297    : Driver Quit Successfully
2026-01-21 08:54:42,298    : -----Naukri.py Script Run Ended-----

2026-01-21 08:55:44,030    : -----Naukri.py Script Run Begin-----
2026-01-21 08:55:46,428    : Google Chrome Launched!
2026-01-21 08:55:51,520    : Jobseeker's Login: Search the Best Jobs available in India & Abroad - Naukri.com
2026-01-21 08:55:51,529    : Website Loaded Successfully.
2026-01-21 08:56:09,356    : Element not found with XPATH : //*[contains(@class, 'cross-icon') or @alt='cross-icon']
2026-01-21 08:56:14,454    : Element not found with XPATH : //*[text() = 'SKIP AND CONTINUE']
2026-01-21 08:56:15,506    : Naukri Login Successful
2026-01-21 08:56:17,673    : <class 'selenium.common.exceptions.ElementClickInterceptedException'> : Message: element click intercepted: Element <a href="/mnjuser/profile">...</a> is not clickable at point (315, 321). Other element would receive the click: <div id="_oxltdb8dy2" class="chatbot_Overlay show"></div>
  (Session info: chrome=143.0.7499.193); For documentation on this error, please visit: https://www.selenium.dev/documentation/webdriver/troubleshooting/errors#elementclickinterceptedexception
Stacktrace:
Symbols not available. Dumping unresolved backtrace:
	0x7ff7e6e888d5
	0x7ff7e6e88930
	0x7ff7e6c6165d
	0x7ff7e6cc19e8
	0x7ff7e6cbf40f
	0x7ff7e6cbc417
	0x7ff7e6cbb338
	0x7ff7e6cace7f
	0x7ff7e6ce1fda
	0x7ff7e6cac746
	0x7ff7e6d0ac97
	0x7ff7e6caac29
	0x7ff7e6caba93
	0x7ff7e71a0620
	0x7ff7e719af60
	0x7ff7e71b96c6
	0x7ff7e6ea5dd4
	0x7ff7e6eaed7c
	0x7ff7e6e91ff4
	0x7ff7e6e921a5
	0x7ff7e6e77ed2
	0x7ffa6278e8d7
	0x7ffa6434c53c
 at Line 257.
2026-01-21 08:56:30,743    : Element not found with XPATH : //*[contains(@class, 'crossIcon')]
2026-01-21 08:56:38,128    : Element not found with ID : //button[@type='button']
2026-01-21 08:56:39,201    : Resume Document Upload Successful. Last Updated date = Uploaded on Jan 21, 2026
2026-01-21 08:56:41,528    : Driver Closed Successfully
2026-01-21 08:56:44,580    : Driver Quit Successfully
2026-01-21 08:56:44,581    : -----Naukri.py Script Run Ended-----

2026-01-21 08:58:53,165    : -----Naukri.py Script Run Begin-----
2026-01-21 08:58:55,387    : Google Chrome Launched!
2026-01-21 08:59:08,858    : Jobseeker's Login: Search the Best Jobs available in India & Abroad - Naukri.com
2026-01-21 08:59:08,866    : Website Loaded Successfully.
2026-01-21 08:59:26,674    : Element not found with XPATH : //*[contains(@class, 'cross-icon') or @alt='cross-icon']
2026-01-21 08:59:31,717    : Element not found with XPATH : //*[text() = 'SKIP AND CONTINUE']
2026-01-21 08:59:32,765    : Naukri Login Successful
2026-01-21 08:59:34,951    : <class 'selenium.common.exceptions.ElementClickInterceptedException'> : Message: element click intercepted: Element <a href="/mnjuser/profile">...</a> is not clickable at point (315, 321). Other element would receive the click: <div id="_d2t81ci312" class="chatbot_Overlay show"></div>
  (Session info: chrome=143.0.7499.193); For documentation on this error, please visit: https://www.selenium.dev/documentation/webdriver/troubleshooting/errors#elementclickinterceptedexception
Stacktrace:
Symbols not available. Dumping unresolved backtrace:
	0x7ff7e6e888d5
	0x7ff7e6e88930
	0x7ff7e6c6165d
	0x7ff7e6cc19e8
	0x7ff7e6cbf40f
	0x7ff7e6cbc417
	0x7ff7e6cbb338
	0x7ff7e6cace7f
	0x7ff7e6ce1fda
	0x7ff7e6cac746
	0x7ff7e6d0ac97
	0x7ff7e6caac29
	0x7ff7e6caba93
	0x7ff7e71a0620
	0x7ff7e719af60
	0x7ff7e71b96c6
	0x7ff7e6ea5dd4
	0x7ff7e6eaed7c
	0x7ff7e6e91ff4
	0x7ff7e6e921a5
	0x7ff7e6e77ed2
	0x7ffa6278e8d7
	0x7ffa6434c53c
 at Line 257.
2026-01-21 08:59:54,603    : Element not found with XPATH : //*[contains(@class, 'crossIcon')]
2026-01-21 09:00:02,047    : Element not found with ID : //button[@type='button']
2026-01-21 09:00:03,122    : Resume Document Upload Successful. Last Updated date = Uploaded on Jan 21, 2026
2026-01-21 09:00:05,535    : Driver Closed Successfully
2026-01-21 09:00:08,676    : Driver Quit Successfully
2026-01-21 09:00:08,677    : -----Naukri.py Script Run Ended-----

2026-01-28 03:53:00,748    : -----Naukri.py Script Run Begin-----
2026-01-28 03:53:06,522    : Google Chrome Launched!
2026-01-28 03:53:08,373    : Jobseeker's Login: Search the Best Jobs available in India & Abroad - Naukri.com
2026-01-28 03:53:08,383    : Website Loaded Successfully.
2026-01-28 03:53:26,289    : Element not found with XPATH : //*[contains(@class, 'cross-icon') or @alt='cross-icon']
2026-01-28 03:53:31,339    : Element not found with XPATH : //*[text() = 'SKIP AND CONTINUE']
2026-01-28 03:53:32,378    : Naukri Login Successful
2026-01-28 03:53:44,353    : Element not found with XPATH : //*[contains(@class, 'crossIcon')]
2026-01-28 03:53:55,733    : Element not found with XPATH : //*[@name='mobile'] | //*[@id='mob_number']
2026-01-28 03:53:58,744    : Element not found with XPATH : //*[@name='mobile'] | //*[@id='mob_number']
2026-01-28 03:53:59,979    : Profile Update Successful
2026-01-28 03:54:17,946    : Element not found with XPATH : //*[contains(@class, 'crossIcon')]
2026-01-28 03:54:25,333    : Element not found with ID : //button[@type='button']
2026-01-28 03:54:26,402    : Resume Document Upload Successful. Last Updated date = Uploaded on Jan 28, 2026
2026-01-28 03:54:28,817    : Driver Closed Successfully
2026-01-28 03:54:31,641    : Driver Quit Successfully
2026-01-28 03:54:31,642    : -----Naukri.py Script Run Ended-----

2026-01-28 03:55:08,290    : -----Naukri.py Script Run Begin-----
2026-01-28 03:55:11,047    : Google Chrome Launched!
2026-01-28 03:55:12,901    : Jobseeker's Login: Search the Best Jobs available in India & Abroad - Naukri.com
2026-01-28 03:55:12,910    : Website Loaded Successfully.
2026-01-28 03:55:30,729    : Element not found with XPATH : //*[contains(@class, 'cross-icon') or @alt='cross-icon']
2026-01-28 03:55:35,806    : Element not found with XPATH : //*[text() = 'SKIP AND CONTINUE']
2026-01-28 03:55:36,852    : Naukri Login Successful
2026-01-28 03:55:48,835    : Element not found with XPATH : //*[contains(@class, 'crossIcon')]
2026-01-28 03:56:00,218    : Element not found with XPATH : //*[@name='mobile'] | //*[@id='mob_number']
2026-01-28 03:56:03,239    : Element not found with XPATH : //*[@name='mobile'] | //*[@id='mob_number']
2026-01-28 03:56:04,479    : Profile Update Successful
2026-01-28 03:56:22,349    : Element not found with XPATH : //*[contains(@class, 'crossIcon')]
2026-01-28 03:56:29,813    : Element not found with ID : //button[@type='button']
2026-01-28 03:56:30,882    : Resume Document Upload Successful. Last Updated date = Uploaded on Jan 28, 2026
2026-01-28 03:56:33,259    : Driver Closed Successfully
2026-01-28 03:56:36,148    : Driver Quit Successfully
2026-01-28 03:56:36,148    : -----Naukri.py Script Run Ended-----

2026-01-29 11:25:22,408    : -----Naukri.py Script Run Begin-----
2026-01-29 11:25:24,920    : Google Chrome Launched!
2026-01-29 11:25:26,453    : Jobseeker's Login: Search the Best Jobs available in India & Abroad - Naukri.com
2026-01-29 11:25:26,463    : Website Loaded Successfully.
2026-01-29 11:25:44,516    : Element not found with XPATH : //*[contains(@class, 'cross-icon') or @alt='cross-icon']
2026-01-29 11:25:49,602    : Element not found with XPATH : //*[text() = 'SKIP AND CONTINUE']
2026-01-29 11:25:50,679    : Naukri Login Successful
2026-01-29 11:25:52,889    : <class 'selenium.common.exceptions.ElementClickInterceptedException'> : Message: element click intercepted: Element <a href="/mnjuser/profile">...</a> is not clickable at point (315, 321). Other element would receive the click: <div id="_to35m2t8n2" class="chatbot_Overlay show"></div>
  (Session info: chrome=144.0.7559.97); For documentation on this error, please visit: https://www.selenium.dev/documentation/webdriver/troubleshooting/errors#elementclickinterceptedexception
Stacktrace:
Symbols not available. Dumping unresolved backtrace:
	0x7ff766d1a535
	0x7ff766d1a590
	0x7ff766ac10bd
	0x7ff766b24a15
	0x7ff766b2212a
	0x7ff766b1efb5
	0x7ff766b1de50
	0x7ff766b0f076
	0x7ff766b45a3a
	0x7ff766b0e8f6
	0x7ff766b69ef5
	0x7ff766b0cc9c
	0x7ff766b0dbe3
	0x7ff766ff7b60
	0x7ff766ff1f5d
	0x7ff76701311a
	0x7ff766d360a5
	0x7ff766d3e73c
	0x7ff766d23844
	0x7ff766d239f6
	0x7ff766d09a07
	0x7ffa6278e8d7
	0x7ffa6434c53c
 at Line 257.
2026-01-29 11:26:05,655    : Element not found with XPATH : //*[contains(@class, 'crossIcon')]
2026-01-29 11:26:13,023    : Element not found with ID : //button[@type='button']
2026-01-29 11:26:14,170    : Resume Document Upload Successful. Last Updated date = Uploaded on Jan 29, 2026
2026-01-29 11:26:16,479    : Driver Closed Successfully
2026-01-29 11:26:19,113    : Driver Quit Successfully
2026-01-29 11:26:19,114    : -----Naukri.py Script Run Ended-----

2026-01-29 11:26:25,107    : -----Naukri.py Script Run Begin-----
2026-01-29 11:26:31,931    : Google Chrome Launched!
2026-01-29 11:26:33,424    : Jobseeker's Login: Search the Best Jobs available in India & Abroad - Naukri.com
2026-01-29 11:26:33,433    : Website Loaded Successfully.
2026-01-29 11:26:51,220    : Element not found with XPATH : //*[contains(@class, 'cross-icon') or @alt='cross-icon']
2026-01-29 11:26:56,258    : Element not found with XPATH : //*[text() = 'SKIP AND CONTINUE']
2026-01-29 11:26:57,332    : Naukri Login Successful
2026-01-29 11:26:59,450    : <class 'selenium.common.exceptions.ElementClickInterceptedException'> : Message: element click intercepted: Element <a href="/mnjuser/profile">...</a> is not clickable at point (315, 321). Other element would receive the click: <div id="_tu1d7twse2" class="chatbot_Overlay show"></div>
  (Session info: chrome=144.0.7559.97); For documentation on this error, please visit: https://www.selenium.dev/documentation/webdriver/troubleshooting/errors#elementclickinterceptedexception
Stacktrace:
Symbols not available. Dumping unresolved backtrace:
	0x7ff766d1a535
	0x7ff766d1a590
	0x7ff766ac10bd
	0x7ff766b24a15
	0x7ff766b2212a
	0x7ff766b1efb5
	0x7ff766b1de50
	0x7ff766b0f076
	0x7ff766b45a3a
	0x7ff766b0e8f6
	0x7ff766b69ef5
	0x7ff766b0cc9c
	0x7ff766b0dbe3
	0x7ff766ff7b60
	0x7ff766ff1f5d
	0x7ff76701311a
	0x7ff766d360a5
	0x7ff766d3e73c
	0x7ff766d23844
	0x7ff766d239f6
	0x7ff766d09a07
	0x7ffa6278e8d7
	0x7ffa6434c53c
 at Line 257.
2026-01-29 11:27:12,184    : Element not found with XPATH : //*[contains(@class, 'crossIcon')]
2026-01-29 11:27:19,593    : Element not found with ID : //button[@type='button']
2026-01-29 11:27:20,666    : Resume Document Upload Successful. Last Updated date = Uploaded on Jan 29, 2026
2026-01-29 11:27:22,901    : Driver Closed Successfully
2026-01-29 11:27:25,774    : Driver Quit Successfully
2026-01-29 11:27:25,774    : -----Naukri.py Script Run Ended-----

2026-02-02 10:11:54,731    : -----Naukri.py Script Run Begin-----
2026-02-02 10:11:58,329    : Google Chrome Launched!
2026-02-02 10:11:59,952    : Jobseeker's Login: Search the Best Jobs available in India & Abroad - Naukri.com
2026-02-02 10:11:59,962    : Website Loaded Successfully.
2026-02-02 10:12:17,867    : Element not found with XPATH : //*[contains(@class, 'cross-icon') or @alt='cross-icon']
2026-02-02 10:12:22,955    : Element not found with XPATH : //*[text() = 'SKIP AND CONTINUE']
2026-02-02 10:12:23,999    : Naukri Login Successful
2026-02-02 10:12:26,262    : <class 'selenium.common.exceptions.ElementClickInterceptedException'> : Message: element click intercepted: Element <a href="/mnjuser/profile">...</a> is not clickable at point (315, 321). Other element would receive the click: <div id="_xkr3tzphf2" class="chatbot_Overlay show"></div>
  (Session info: chrome=144.0.7559.97); For documentation on this error, please visit: https://www.selenium.dev/documentation/webdriver/troubleshooting/errors#elementclickinterceptedexception
Stacktrace:
Symbols not available. Dumping unresolved backtrace:
	0x7ff64f95a535
	0x7ff64f95a590
	0x7ff64f7010bd
	0x7ff64f764a15
	0x7ff64f76212a
	0x7ff64f75efb5
	0x7ff64f75de50
	0x7ff64f74f076
	0x7ff64f785a3a
	0x7ff64f74e8f6
	0x7ff64f7a9ef5
	0x7ff64f74cc9c
	0x7ff64f74dbe3
	0x7ff64fc37b60
	0x7ff64fc31f5d
	0x7ff64fc5311a
	0x7ff64f9760a5
	0x7ff64f97e73c
	0x7ff64f963844
	0x7ff64f9639f6
	0x7ff64f949a07
	0x7ffa6278e8d7
	0x7ffa6434c53c
 at Line 257.
2026-02-02 10:12:39,202    : Element not found with XPATH : //*[contains(@class, 'crossIcon')]
2026-02-02 10:12:46,651    : Element not found with ID : //button[@type='button']
2026-02-02 10:12:47,727    : Resume Document Upload Successful. Last Updated date = Uploaded on Feb 02, 2026
2026-02-02 10:12:50,257    : Driver Closed Successfully
2026-02-02 10:12:53,088    : Driver Quit Successfully
2026-02-02 10:12:53,088    : -----Naukri.py Script Run Ended-----

2026-02-02 10:13:09,418    : -----Naukri.py Script Run Begin-----
2026-02-02 10:13:11,939    : Google Chrome Launched!
2026-02-02 10:13:15,335    : Jobseeker's Login: Search the Best Jobs available in India & Abroad - Naukri.com
2026-02-02 10:13:15,345    : Website Loaded Successfully.
2026-02-02 10:13:33,103    : Element not found with XPATH : //*[contains(@class, 'cross-icon') or @alt='cross-icon']
2026-02-02 10:13:38,187    : Element not found with XPATH : //*[text() = 'SKIP AND CONTINUE']
2026-02-02 10:13:39,232    : Naukri Login Successful
2026-02-02 10:13:52,322    : Element not found with XPATH : //*[contains(@class, 'crossIcon')]
2026-02-02 10:14:03,726    : Element not found with XPATH : //*[@name='mobile'] | //*[@id='mob_number']
2026-02-02 10:14:06,800    : Element not found with XPATH : //*[@name='mobile'] | //*[@id='mob_number']
2026-02-02 10:14:08,047    : Profile Update Successful
2026-02-02 10:14:27,557    : Element not found with XPATH : //*[contains(@class, 'crossIcon')]
2026-02-02 10:14:34,961    : Element not found with ID : //button[@type='button']
2026-02-02 10:14:36,046    : Resume Document Upload Successful. Last Updated date = Uploaded on Feb 02, 2026
2026-02-02 10:14:38,349    : Driver Closed Successfully
2026-02-02 10:14:41,265    : Driver Quit Successfully
2026-02-02 10:14:41,266    : -----Naukri.py Script Run Ended-----

2026-02-03 12:53:17,304    : -----Naukri.py Script Run Begin-----
2026-02-03 12:53:20,767    : Google Chrome Launched!
2026-02-03 12:53:22,301    : Jobseeker's Login: Search the Best Jobs available in India & Abroad - Naukri.com
2026-02-03 12:53:22,311    : Website Loaded Successfully.
2026-02-03 12:53:40,083    : Element not found with XPATH : //*[contains(@class, 'cross-icon') or @alt='cross-icon']
2026-02-03 12:53:45,120    : Element not found with XPATH : //*[text() = 'SKIP AND CONTINUE']
2026-02-03 12:53:46,174    : Naukri Login Successful
2026-02-03 12:53:58,097    : Element not found with XPATH : //*[contains(@class, 'crossIcon')]
2026-02-03 12:54:09,457    : Element not found with XPATH : //*[@name='mobile'] | //*[@id='mob_number']
2026-02-03 12:54:12,476    : Element not found with XPATH : //*[@name='mobile'] | //*[@id='mob_number']
2026-02-03 12:54:13,702    : Profile Update Successful
2026-02-03 12:54:31,571    : Element not found with XPATH : //*[contains(@class, 'crossIcon')]
2026-02-03 12:54:39,023    : Element not found with ID : //button[@type='button']
2026-02-03 12:54:40,121    : Resume Document Upload Successful. Last Updated date = Uploaded on Feb 03, 2026
2026-02-03 12:54:42,491    : Driver Closed Successfully
2026-02-03 12:54:45,319    : Driver Quit Successfully
2026-02-03 12:54:45,319    : -----Naukri.py Script Run Ended-----

2026-02-03 12:57:00,437    : -----Naukri.py Script Run Begin-----
2026-02-03 12:57:02,974    : Google Chrome Launched!
2026-02-03 12:57:04,349    : Jobseeker's Login: Search the Best Jobs available in India & Abroad - Naukri.com
2026-02-03 12:57:04,360    : Website Loaded Successfully.
2026-02-03 12:57:22,162    : Element not found with XPATH : //*[contains(@class, 'cross-icon') or @alt='cross-icon']
2026-02-03 12:57:27,207    : Element not found with XPATH : //*[text() = 'SKIP AND CONTINUE']
2026-02-03 12:57:28,249    : Naukri Login Successful
2026-02-03 12:57:40,215    : Element not found with XPATH : //*[contains(@class, 'crossIcon')]
2026-02-03 12:57:51,641    : Element not found with XPATH : //*[@name='mobile'] | //*[@id='mob_number']
2026-02-03 12:57:54,672    : Element not found with XPATH : //*[@name='mobile'] | //*[@id='mob_number']
2026-02-03 12:57:55,921    : Profile Update Successful
2026-02-03 12:58:13,823    : Element not found with XPATH : //*[contains(@class, 'crossIcon')]
2026-02-03 12:58:21,224    : Element not found with ID : //button[@type='button']
2026-02-03 12:58:22,302    : Resume Document Upload Successful. Last Updated date = Uploaded on Feb 03, 2026
2026-02-03 12:58:24,740    : Driver Closed Successfully
2026-02-03 12:58:27,498    : Driver Quit Successfully
2026-02-03 12:58:27,499    : -----Naukri.py Script Run Ended-----

2026-02-05 19:30:21,605    : -----Naukri.py Script Run Begin-----
2026-02-05 19:30:26,475    : Google Chrome Launched!
2026-02-05 19:30:27,943    : Jobseeker's Login: Search the Best Jobs available in India & Abroad - Naukri.com
2026-02-05 19:30:27,951    : Website Loaded Successfully.
2026-02-05 19:30:45,841    : Element not found with XPATH : //*[contains(@class, 'cross-icon') or @alt='cross-icon']
2026-02-05 19:30:50,883    : Element not found with XPATH : //*[text() = 'SKIP AND CONTINUE']
2026-02-05 19:30:51,926    : Naukri Login Successful
2026-02-05 19:31:03,961    : Element not found with XPATH : //*[contains(@class, 'crossIcon')]
2026-02-05 19:31:15,407    : Element not found with XPATH : //*[@name='mobile'] | //*[@id='mob_number']
2026-02-05 19:31:18,478    : Element not found with XPATH : //*[@name='mobile'] | //*[@id='mob_number']
2026-02-05 19:31:19,735    : Profile Update Successful
2026-02-05 19:31:37,693    : Element not found with XPATH : //*[contains(@class, 'crossIcon')]
2026-02-05 19:31:45,053    : Element not found with ID : //button[@type='button']
2026-02-05 19:31:46,120    : Resume Document Upload Successful. Last Updated date = Uploaded on Feb 05, 2026
2026-02-05 19:31:48,490    : Driver Closed Successfully
2026-02-05 19:31:51,336    : Driver Quit Successfully
2026-02-05 19:31:51,336    : -----Naukri.py Script Run Ended-----

2026-02-05 19:33:13,317    : -----Naukri.py Script Run Begin-----
2026-02-05 19:33:15,656    : Google Chrome Launched!
2026-02-05 19:33:17,403    : Jobseeker's Login: Search the Best Jobs available in India & Abroad - Naukri.com
2026-02-05 19:33:17,410    : Website Loaded Successfully.
2026-02-05 19:33:35,142    : Element not found with XPATH : //*[contains(@class, 'cross-icon') or @alt='cross-icon']
2026-02-05 19:33:40,183    : Element not found with XPATH : //*[text() = 'SKIP AND CONTINUE']
2026-02-05 19:33:41,222    : Naukri Login Successful
2026-02-05 19:33:43,335    : <class 'selenium.common.exceptions.ElementClickInterceptedException'> : Message: element click intercepted: Element <a href="/mnjuser/profile">...</a> is not clickable at point (315, 321). Other element would receive the click: <div id="_47feprn412" class="chatbot_Overlay show"></div>
  (Session info: chrome=144.0.7559.132); For documentation on this error, please visit: https://www.selenium.dev/documentation/webdriver/troubleshooting/errors#elementclickinterceptedexception
Stacktrace:
Symbols not available. Dumping unresolved backtrace:
	0x7ff64fbef3d5
	0x7ff64fbef430
	0x7ff64f9910bd
	0x7ff64f9f4885
	0x7ff64f9f1f9a
	0x7ff64f9eee25
	0x7ff64f9edcc7
	0x7ff64f9deee6
	0x7ff64fa1589a
	0x7ff64f9de766
	0x7ff64fa39d08
	0x7ff64f9dcb0c
	0x7ff64f9dda53
	0x7ff64fecb470
	0x7ff64fec586d
	0x7ff64fee621a
	0x7ff64fc0b235
	0x7ff64fc13a5c
	0x7ff64fbf8844
	0x7ff64fbf89f6
	0x7ff64fbdeb87
	0x7ffe9584e8d7
	0x7ffe977ec53c
 at Line 257.
2026-02-05 19:33:56,178    : Element not found with XPATH : //*[contains(@class, 'crossIcon')]
2026-02-05 19:34:03,555    : Element not found with ID : //button[@type='button']
2026-02-05 19:34:04,625    : Resume Document Upload Successful. Last Updated date = Uploaded on Feb 05, 2026
2026-02-05 19:34:06,974    : Driver Closed Successfully
2026-02-05 19:34:09,814    : Driver Quit Successfully
2026-02-05 19:34:09,814    : -----Naukri.py Script Run Ended-----

2026-02-10 10:09:46,978    : -----Naukri.py Script Run Begin-----
2026-02-10 10:09:49,100    : Google Chrome Launched!
2026-02-10 10:09:50,531    : Jobseeker's Login: Search the Best Jobs available in India & Abroad - Naukri.com
2026-02-10 10:09:50,539    : Website Loaded Successfully.
2026-02-10 10:10:08,091    : Element not found with XPATH : //*[contains(@class, 'cross-icon') or @alt='cross-icon']
2026-02-10 10:10:13,133    : Element not found with XPATH : //*[text() = 'SKIP AND CONTINUE']
2026-02-10 10:10:14,173    : Naukri Login Successful
2026-02-10 10:10:26,193    : Element not found with XPATH : //*[contains(@class, 'crossIcon')]
2026-02-10 10:10:37,516    : Element not found with XPATH : //*[@name='mobile'] | //*[@id='mob_number']
2026-02-10 10:10:40,555    : Element not found with XPATH : //*[@name='mobile'] | //*[@id='mob_number']
2026-02-10 10:10:50,884    : Element not found with XPATH : //*[text()='today' or text()='Today']
2026-02-10 10:10:53,933    : Profile Update Failed
2026-02-10 10:11:32,663    : Element not found with XPATH : //*[contains(@class, 'crossIcon')]
2026-02-10 10:11:38,809    : Element not found with ID : lazyAttachCV
2026-02-10 10:11:45,968    : Element not found with ID : //button[@type='button']
2026-02-10 10:11:47,109    : Resume Document Upload Successful. Last Updated date = Uploaded on Feb 10, 2026
2026-02-10 10:11:49,376    : Driver Closed Successfully
2026-02-10 10:11:52,041    : Driver Quit Successfully
2026-02-10 10:11:52,042    : -----Naukri.py Script Run Ended-----

2026-02-10 10:11:56,197    : -----Naukri.py Script Run Begin-----
2026-02-10 10:11:58,607    : Google Chrome Launched!
2026-02-10 10:12:00,112    : Jobseeker's Login: Search the Best Jobs available in India & Abroad - Naukri.com
2026-02-10 10:12:00,122    : Website Loaded Successfully.
2026-02-10 10:12:17,909    : Element not found with XPATH : //*[contains(@class, 'cross-icon') or @alt='cross-icon']
2026-02-10 10:12:22,959    : Element not found with XPATH : //*[text() = 'SKIP AND CONTINUE']
2026-02-10 10:12:24,039    : Naukri Login Successful
2026-02-10 10:12:35,985    : Element not found with XPATH : //*[contains(@class, 'crossIcon')]
2026-02-10 10:12:47,464    : Element not found with XPATH : //*[@name='mobile'] | //*[@id='mob_number']
2026-02-10 10:12:50,502    : Element not found with XPATH : //*[@name='mobile'] | //*[@id='mob_number']
2026-02-10 10:12:51,873    : Profile Update Successful
2026-02-10 10:13:09,776    : Element not found with XPATH : //*[contains(@class, 'crossIcon')]
2026-02-10 10:13:17,134    : Element not found with ID : //button[@type='button']
2026-02-10 10:13:18,200    : Resume Document Upload Successful. Last Updated date = Uploaded on Feb 10, 2026
2026-02-10 10:13:20,511    : Driver Closed Successfully
2026-02-10 10:13:23,221    : Driver Quit Successfully
2026-02-10 10:13:23,222    : -----Naukri.py Script Run Ended-----

2026-02-13 10:00:24,322    : -----Naukri.py Script Run Begin-----
2026-02-13 10:00:26,426    : Google Chrome Launched!
2026-02-13 10:00:27,589    : Jobseeker's Login: Search the Best Jobs available in India & Abroad - Naukri.com
2026-02-13 10:00:27,594    : Website Loaded Successfully.
2026-02-13 10:00:44,935    : Element not found with XPATH : //*[contains(@class, 'cross-icon') or @alt='cross-icon']
2026-02-13 10:00:49,939    : Element not found with XPATH : //*[text() = 'SKIP AND CONTINUE']
2026-02-13 10:00:50,955    : Naukri Login Successful
2026-02-13 10:00:53,093    : <class 'selenium.common.exceptions.ElementClickInterceptedException'> : Message: element click intercepted: Element <a href="/mnjuser/profile">...</a> is not clickable at point (315, 321). Other element would receive the click: <div id="_2t2qxpp2d2" class="chatbot_Overlay show"></div>
  (Session info: chrome=144.0.7559.133); For documentation on this error, please visit: https://www.selenium.dev/documentation/webdriver/troubleshooting/errors#elementclickinterceptedexception
Stacktrace:
Symbols not available. Dumping unresolved backtrace:
	0x7ff6c5b0f3d5
	0x7ff6c5b0f430
	0x7ff6c58b10bd
	0x7ff6c5914885
	0x7ff6c5911f9a
	0x7ff6c590ee25
	0x7ff6c590dcc7
	0x7ff6c58feee6
	0x7ff6c593589a
	0x7ff6c58fe766
	0x7ff6c5959d08
	0x7ff6c58fcb0c
	0x7ff6c58fda53
	0x7ff6c5deb470
	0x7ff6c5de586d
	0x7ff6c5e0621a
	0x7ff6c5b2b235
	0x7ff6c5b33a5c
	0x7ff6c5b18844
	0x7ff6c5b189f6
	0x7ff6c5afeb87
	0x7ffff8a7e8d7
	0x7ffffa7ec40c
 at Line 257.
2026-02-13 10:01:05,608    : Element not found with XPATH : //*[contains(@class, 'crossIcon')]
2026-02-13 10:01:13,120    : Element not found with ID : //button[@type='button']
2026-02-13 10:01:14,247    : Resume Document Upload Successful. Last Updated date = Uploaded on Feb 13, 2026
2026-02-13 10:01:16,368    : Driver Closed Successfully
2026-02-13 10:01:18,641    : Driver Quit Successfully
2026-02-13 10:01:18,641    : -----Naukri.py Script Run Ended-----

2026-02-13 10:01:35,765    : -----Naukri.py Script Run Begin-----
2026-02-13 10:01:37,299    : Google Chrome Launched!
2026-02-13 10:01:39,080    : Jobseeker's Login: Search the Best Jobs available in India & Abroad - Naukri.com
2026-02-13 10:01:39,084    : Website Loaded Successfully.
2026-02-13 10:01:56,433    : Element not found with XPATH : //*[contains(@class, 'cross-icon') or @alt='cross-icon']
2026-02-13 10:02:01,435    : Element not found with XPATH : //*[text() = 'SKIP AND CONTINUE']
2026-02-13 10:02:02,448    : Naukri Login Successful
2026-02-13 10:02:04,563    : <class 'selenium.common.exceptions.ElementClickInterceptedException'> : Message: element click intercepted: Element <a href="/mnjuser/profile">...</a> is not clickable at point (315, 321). Other element would receive the click: <div id="_vl19y05ka2" class="chatbot_Overlay show"></div>
  (Session info: chrome=144.0.7559.133); For documentation on this error, please visit: https://www.selenium.dev/documentation/webdriver/troubleshooting/errors#elementclickinterceptedexception
Stacktrace:
Symbols not available. Dumping unresolved backtrace:
	0x7ff6c5b0f3d5
	0x7ff6c5b0f430
	0x7ff6c58b10bd
	0x7ff6c5914885
	0x7ff6c5911f9a
	0x7ff6c590ee25
	0x7ff6c590dcc7
	0x7ff6c58feee6
	0x7ff6c593589a
	0x7ff6c58fe766
	0x7ff6c5959d08
	0x7ff6c58fcb0c
	0x7ff6c58fda53
	0x7ff6c5deb470
	0x7ff6c5de586d
	0x7ff6c5e0621a
	0x7ff6c5b2b235
	0x7ff6c5b33a5c
	0x7ff6c5b18844
	0x7ff6c5b189f6
	0x7ff6c5afeb87
	0x7ffff8a7e8d7
	0x7ffffa7ec40c
 at Line 257.
2026-02-13 10:02:17,218    : Element not found with XPATH : //*[contains(@class, 'crossIcon')]
2026-02-13 10:02:25,046    : Element not found with ID : //button[@type='button']
2026-02-13 10:02:26,223    : Resume Document Upload Successful. Last Updated date = Uploaded on Feb 13, 2026
2026-02-13 10:02:28,362    : Driver Closed Successfully
2026-02-13 10:02:30,650    : Driver Quit Successfully
2026-02-13 10:02:30,651    : -----Naukri.py Script Run Ended-----

2026-03-23 11:15:31,360    : -----Naukri.py Script Run Begin-----
2026-03-23 11:16:04,824    : Error sending stats to Plausible: error sending request for url (https://plausible.io/api/event)
2026-03-23 11:16:07,776    : Google Chrome Launched!
2026-03-23 11:16:08,564    : Jobseeker's Login: Search the Best Jobs available in India & Abroad - Naukri.com
2026-03-23 11:16:08,580    : Website Loaded Successfully.
2026-03-23 11:16:27,315    : Element not found with XPATH : //*[contains(@class, 'cross-icon') or @alt='cross-icon']
2026-03-23 11:16:32,359    : Element not found with XPATH : //*[text() = 'SKIP AND CONTINUE']
2026-03-23 11:16:33,396    : Naukri Login Successful
2026-03-23 11:16:35,576    : <class 'selenium.common.exceptions.ElementClickInterceptedException'> : Message: element click intercepted: Element <a href="/mnjuser/profile">...</a> is not clickable at point (315, 321). Other element would receive the click: <div id="_o6s1t1sqc2" class="chatbot_Overlay show"></div>
  (Session info: chrome=146.0.7680.80); For documentation on this error, please visit: https://www.selenium.dev/documentation/webdriver/troubleshooting/errors#elementclickinterceptedexception
Stacktrace:
	chromedriver!GetHandleVerifier [0x7ff781fd3045+14585]
	chromedriver!GetHandleVerifier [0x7ff781fd30b0+145f0]
	chromedriver!(No symbol) [0x7ff781d3db7d]
	chromedriver!(No symbol) [0x7ff781d9f8e5]
	chromedriver!(No symbol) [0x7ff781d9cffa]
	chromedriver!(No symbol) [0x7ff781d99e95]
	chromedriver!(No symbol) [0x7ff781d98d47]
	chromedriver!(No symbol) [0x7ff781d8b8f6]
	chromedriver!(No symbol) [0x7ff781dc069a]
	chromedriver!(No symbol) [0x7ff781d8b176]
	chromedriver!(No symbol) [0x7ff781de45af]
	chromedriver!(No symbol) [0x7ff781d89a18]
	chromedriver!(No symbol) [0x7ff781d8a8f3]
	chromedriver!GetHandleVerifier [0x7ff7822dac5d+31c19d]
	chromedriver!GetHandleVerifier [0x7ff7822d536d+3168ad]
	chromedriver!GetHandleVerifier [0x7ff7822f7d8a+3392ca]
	chromedriver!GetHandleVerifier [0x7ff781fef445+30985]
	chromedriver!GetHandleVerifier [0x7ff781ff84dc+39a1c]
	chromedriver!GetHandleVerifier [0x7ff781fdc634+1db74]
	chromedriver!GetHandleVerifier [0x7ff781fdc7e6+1dd26]
	chromedriver!GetHandleVerifier [0x7ff781fc1387+28c7]
	KERNEL32!BaseThreadInitThunk [0x7ffd26afe8d7+17]
	ntdll!RtlUserThreadStart [0x7ffd276ec40c+2c]
 at Line 257.
2026-03-23 11:16:49,167    : Element not found with XPATH : //*[contains(@class, 'crossIcon')]
2026-03-23 11:16:57,307    : Element not found with ID : //button[@type='button']
2026-03-23 11:16:58,540    : Resume Document Upload Successful. Last Updated date = Uploaded on Mar 23, 2026
2026-03-23 11:17:00,819    : Driver Closed Successfully
2026-03-23 11:17:03,418    : Driver Quit Successfully
2026-03-23 11:17:03,418    : -----Naukri.py Script Run Ended-----

2026-03-23 11:17:19,168    : -----Naukri.py Script Run Begin-----
2026-03-23 11:17:21,606    : Google Chrome Launched!
2026-03-23 11:17:22,378    : Jobseeker's Login: Search the Best Jobs available in India & Abroad - Naukri.com
2026-03-23 11:17:22,394    : Website Loaded Successfully.
2026-03-23 11:17:41,080    : Element not found with XPATH : //*[contains(@class, 'cross-icon') or @alt='cross-icon']
2026-03-23 11:17:46,148    : Element not found with XPATH : //*[text() = 'SKIP AND CONTINUE']
2026-03-23 11:17:47,195    : Naukri Login Successful
2026-03-23 11:18:01,704    : Element not found with XPATH : //*[contains(@class, 'crossIcon')]
2026-03-23 11:18:13,860    : Element not found with XPATH : //*[@name='mobile'] | //*[@id='mob_number']
2026-03-23 11:18:16,932    : Element not found with XPATH : //*[@name='mobile'] | //*[@id='mob_number']
2026-03-23 11:18:19,491    : Profile Update Successful
2026-03-23 11:18:37,797    : Element not found with XPATH : //*[contains(@class, 'crossIcon')]
2026-03-23 11:18:46,180    : Element not found with ID : //button[@type='button']
2026-03-23 11:18:47,391    : Resume Document Upload Successful. Last Updated date = Uploaded on Mar 23, 2026
2026-03-23 11:18:49,621    : Driver Closed Successfully
2026-03-23 11:18:52,362    : Driver Quit Successfully
2026-03-23 11:18:52,363    : -----Naukri.py Script Run Ended-----

2026-03-23 11:18:57,167    : -----Naukri.py Script Run Begin-----
2026-03-23 11:18:59,497    : Google Chrome Launched!
2026-03-23 11:19:02,848    : Jobseeker's Login: Search the Best Jobs available in India & Abroad - Naukri.com
2026-03-23 11:19:02,856    : Website Loaded Successfully.
2026-03-23 11:19:20,971    : Element not found with XPATH : //*[contains(@class, 'cross-icon') or @alt='cross-icon']
2026-03-23 11:19:26,051    : Element not found with XPATH : //*[text() = 'SKIP AND CONTINUE']
2026-03-23 11:19:27,088    : Naukri Login Successful
2026-03-23 11:19:44,648    : Element not found with XPATH : //*[contains(@class, 'crossIcon')]
2026-03-23 11:19:57,000    : Element not found with XPATH : //*[@name='mobile'] | //*[@id='mob_number']
2026-03-23 11:20:00,069    : Element not found with XPATH : //*[@name='mobile'] | //*[@id='mob_number']
2026-03-23 11:20:01,542    : Profile Update Successful
2026-03-23 11:20:20,001    : Element not found with XPATH : //*[contains(@class, 'crossIcon')]
2026-03-23 11:20:28,140    : Element not found with ID : //button[@type='button']
2026-03-23 11:20:29,371    : Resume Document Upload Successful. Last Updated date = Uploaded on Mar 23, 2026
2026-03-23 11:20:31,605    : Driver Closed Successfully
2026-03-23 11:20:34,388    : Driver Quit Successfully
2026-03-23 11:20:34,389    : -----Naukri.py Script Run Ended-----

2026-03-30 10:44:54,288    : -----Naukri.py Script Run Begin-----
2026-03-30 10:45:01,999    : Google Chrome Launched!
2026-03-30 10:45:04,077    : Jobseeker's Login: Search the Best Jobs available in India & Abroad - Naukri.com
2026-03-30 10:45:04,087    : Website Loaded Successfully.
2026-03-30 10:45:22,110    : Element not found with XPATH : //*[contains(@class, 'cross-icon') or @alt='cross-icon']
2026-03-30 10:45:27,150    : Element not found with XPATH : //*[text() = 'SKIP AND CONTINUE']
2026-03-30 10:45:28,229    : Naukri Login Successful
2026-03-30 10:45:42,638    : Element not found with XPATH : //*[contains(@class, 'crossIcon')]
2026-03-30 10:45:54,777    : Element not found with XPATH : //*[@name='mobile'] | //*[@id='mob_number']
2026-03-30 10:45:57,891    : Element not found with XPATH : //*[@name='mobile'] | //*[@id='mob_number']
2026-03-30 10:46:00,428    : Profile Update Successful
2026-03-30 10:46:18,870    : Element not found with XPATH : //*[contains(@class, 'crossIcon')]
2026-03-30 10:46:27,236    : Element not found with ID : //button[@type='button']
2026-03-30 10:46:28,471    : Resume Document Upload Successful. Last Updated date = Uploaded on Mar 30, 2026
2026-03-30 10:46:30,665    : Driver Closed Successfully
2026-03-30 10:46:33,449    : Driver Quit Successfully
2026-03-30 10:46:33,449    : -----Naukri.py Script Run Ended-----

2026-03-30 10:46:38,774    : -----Naukri.py Script Run Begin-----
2026-03-30 10:46:41,086    : Google Chrome Launched!
2026-03-30 10:46:42,856    : Jobseeker's Login: Search the Best Jobs available in India & Abroad - Naukri.com
2026-03-30 10:46:42,864    : Website Loaded Successfully.
2026-03-30 10:47:00,729    : Element not found with XPATH : //*[contains(@class, 'cross-icon') or @alt='cross-icon']
2026-03-30 10:47:05,804    : Element not found with XPATH : //*[text() = 'SKIP AND CONTINUE']
2026-03-30 10:47:06,842    : Naukri Login Successful
2026-03-30 10:47:19,353    : Element not found with XPATH : //*[contains(@class, 'crossIcon')]
2026-03-30 10:47:31,541    : Element not found with XPATH : //*[@name='mobile'] | //*[@id='mob_number']
2026-03-30 10:47:34,632    : Element not found with XPATH : //*[@name='mobile'] | //*[@id='mob_number']
2026-03-30 10:47:36,121    : Profile Update Successful
2026-03-30 10:47:54,428    : Element not found with XPATH : //*[contains(@class, 'crossIcon')]
2026-03-30 10:48:02,727    : Element not found with ID : //button[@type='button']
2026-03-30 10:48:03,983    : Resume Document Upload Successful. Last Updated date = Uploaded on Mar 30, 2026
2026-03-30 10:48:06,188    : Driver Closed Successfully
2026-03-30 10:48:08,908    : Driver Quit Successfully
2026-03-30 10:48:08,909    : -----Naukri.py Script Run Ended-----

2026-04-15 09:28:13,206    : -----Naukri.py Script Run Begin-----
2026-04-15 09:28:15,598    : Google Chrome Launched!
2026-04-15 09:28:16,854    : Jobseeker's Login: Search the Best Jobs available in India & Abroad - Naukri.com
2026-04-15 09:28:16,859    : Website Loaded Successfully.
2026-04-15 09:28:34,363    : Element not found with XPATH : //*[contains(@class, 'cross-icon') or @alt='cross-icon']
2026-04-15 09:28:39,359    : Element not found with XPATH : //*[text() = 'SKIP AND CONTINUE']
2026-04-15 09:28:40,373    : Naukri Login Successful
2026-04-15 09:28:52,703    : Element not found with XPATH : //*[contains(@class, 'crossIcon')]
2026-04-15 09:29:04,405    : Element not found with XPATH : //*[@name='mobile'] | //*[@id='mob_number']
2026-04-15 09:29:07,443    : Element not found with XPATH : //*[@name='mobile'] | //*[@id='mob_number']
2026-04-15 09:29:08,797    : Profile Update Successful
2026-04-15 09:29:26,833    : Element not found with XPATH : //*[contains(@class, 'crossIcon')]
2026-04-15 09:29:34,600    : Element not found with ID : //button[@type='button']
2026-04-15 09:29:35,880    : Resume Document Upload Successful. Last Updated date = Uploaded on Apr 15, 2026
2026-04-15 09:29:38,047    : Driver Closed Successfully
2026-04-15 09:29:40,781    : Driver Quit Successfully
2026-04-15 09:29:40,781    : -----Naukri.py Script Run Ended-----

2026-04-15 09:29:48,264    : -----Naukri.py Script Run Begin-----
2026-04-15 09:29:49,933    : Google Chrome Launched!
2026-04-15 09:29:51,192    : Jobseeker's Login: Search the Best Jobs available in India & Abroad - Naukri.com
2026-04-15 09:29:51,196    : Website Loaded Successfully.
2026-04-15 09:30:08,707    : Element not found with XPATH : //*[contains(@class, 'cross-icon') or @alt='cross-icon']
2026-04-15 09:30:13,728    : Element not found with XPATH : //*[text() = 'SKIP AND CONTINUE']
2026-04-15 09:30:14,756    : Naukri Login Successful
2026-04-15 09:30:16,886    : <class 'selenium.common.exceptions.ElementClickInterceptedException'> : Message: element click intercepted: Element <a href="/mnjuser/profile">...</a> is not clickable at point (315, 321). Other element would receive the click: <div id="_v7og3rcr62" class="chatbot_Overlay show"></div>
  (Session info: chrome=146.0.7680.154); For documentation on this error, please visit: https://www.selenium.dev/documentation/webdriver/troubleshooting/errors#elementclickinterceptedexception
Stacktrace:
	chromedriver!GetHandleVerifier [0x7ff77b8f29c5+2ed785]
	chromedriver!GetHandleVerifier [0x7ff77b61a0d0+14e90]
	chromedriver!(No symbol) [0x7ff77b37db2d]
	chromedriver!(No symbol) [0x7ff77b3df0e5]
	chromedriver!(No symbol) [0x7ff77b3dc7fa]
	chromedriver!(No symbol) [0x7ff77b3d9685]
	chromedriver!(No symbol) [0x7ff77b3d8537]
	chromedriver!(No symbol) [0x7ff77b3cb186]
	chromedriver!(No symbol) [0x7ff77b3fff8a]
	chromedriver!(No symbol) [0x7ff77b3caa06]
	chromedriver!(No symbol) [0x7ff77b423b9b]
	chromedriver!(No symbol) [0x7ff77b3c9298]
	chromedriver!(No symbol) [0x7ff77b3ca183]
	chromedriver!GetHandleVerifier [0x7ff77b91de0d+318bcd]
	chromedriver!GetHandleVerifier [0x7ff77b918588+313348]
	chromedriver!GetHandleVerifier [0x7ff77b939d7a+334b3a]
	chromedriver!GetHandleVerifier [0x7ff77b636785+31545]
	chromedriver!GetHandleVerifier [0x7ff77b63facc+3a88c]
	chromedriver!GetHandleVerifier [0x7ff77b623634+1e3f4]
	chromedriver!GetHandleVerifier [0x7ff77b6237e6+1e5a6]
	chromedriver!GetHandleVerifier [0x7ff77b607e37+2bf7]
	KERNEL32!BaseThreadInitThunk [0x7ffb75afe8d7+17]
	ntdll!RtlUserThreadStart [0x7ffb7772c48c+2c]
 at Line 257.
2026-04-15 09:30:30,103    : Element not found with XPATH : //*[contains(@class, 'crossIcon')]
2026-04-15 09:30:37,807    : Element not found with ID : //button[@type='button']
2026-04-15 09:30:38,932    : Resume Document Upload Successful. Last Updated date = Uploaded on Apr 15, 2026
2026-04-15 09:30:41,100    : Driver Closed Successfully
2026-04-15 09:30:43,658    : Driver Quit Successfully
2026-04-15 09:30:43,658    : -----Naukri.py Script Run Ended-----

2026-04-17 09:22:14,021    : -----Naukri.py Script Run Begin-----
2026-04-17 09:22:18,816    : Google Chrome Launched!
2026-04-17 09:22:20,440    : Jobseeker's Login: Search the Best Jobs available in India & Abroad - Naukri.com
2026-04-17 09:22:20,444    : Website Loaded Successfully.
2026-04-17 09:22:37,807    : Element not found with XPATH : //*[contains(@class, 'cross-icon') or @alt='cross-icon']
2026-04-17 09:22:42,808    : Element not found with XPATH : //*[text() = 'SKIP AND CONTINUE']
2026-04-17 09:22:43,820    : Naukri Login Successful
2026-04-17 09:22:45,949    : <class 'selenium.common.exceptions.ElementClickInterceptedException'> : Message: element click intercepted: Element <a href="/mnjuser/profile">...</a> is not clickable at point (315, 321). Other element would receive the click: <div id="_vmx87ikb82" class="chatbot_Overlay show"></div>
  (Session info: chrome=147.0.7727.56); For documentation on this error, please visit: https://www.selenium.dev/documentation/webdriver/troubleshooting/errors#elementclickinterceptedexception
Stacktrace:
	chromedriver!GetHandleVerifier [0x7ff7cf6c0245+146d5]
	chromedriver!GetHandleVerifier [0x7ff7cf6c02b0+14740]
	chromedriver!(No symbol) [0x7ff7cf42d7cd]
	chromedriver!(No symbol) [0x7ff7cf48f195]
	chromedriver!(No symbol) [0x7ff7cf48c8aa]
	chromedriver!(No symbol) [0x7ff7cf489735]
	chromedriver!(No symbol) [0x7ff7cf4885e7]
	chromedriver!(No symbol) [0x7ff7cf47b106]
	chromedriver!(No symbol) [0x7ff7cf4aff6a]
	chromedriver!(No symbol) [0x7ff7cf47a986]
	chromedriver!(No symbol) [0x7ff7cf4d4818]
	chromedriver!(No symbol) [0x7ff7cf479018]
	chromedriver!(No symbol) [0x7ff7cf479f03]
	chromedriver!GetHandleVerifier [0x7ff7cf9d58f9+329d89]
	chromedriver!GetHandleVerifier [0x7ff7cf9cfe46+3242d6]
	chromedriver!GetHandleVerifier [0x7ff7cf9f30b2+347542]
	chromedriver!GetHandleVerifier [0x7ff7cf6dd3d5+31865]
	chromedriver!GetHandleVerifier [0x7ff7cf6e600c+3a49c]
	chromedriver!GetHandleVerifier [0x7ff7cf6c9634+1dac4]
	chromedriver!GetHandleVerifier [0x7ff7cf6c97e6+1dc76]
	chromedriver!GetHandleVerifier [0x7ff7cf6ae2f7+2787]
	KERNEL32!BaseThreadInitThunk [0x7ff9e37fe8d7+17]
	ntdll!RtlUserThreadStart [0x7ff9e52ac3fc+2c]
 at Line 257.
2026-04-17 09:22:59,168    : Element not found with XPATH : //*[contains(@class, 'crossIcon')]
2026-04-17 09:23:06,791    : Element not found with ID : //button[@type='button']
2026-04-17 09:23:07,926    : Resume Document Upload Successful. Last Updated date = Uploaded on Apr 17, 2026
2026-04-17 09:23:10,125    : Driver Closed Successfully
2026-04-17 09:23:12,492    : Driver Quit Successfully
2026-04-17 09:23:12,492    : -----Naukri.py Script Run Ended-----

2026-04-17 09:23:48,884    : -----Naukri.py Script Run Begin-----
2026-04-17 09:23:50,588    : Google Chrome Launched!
2026-04-17 09:23:53,396    : Jobseeker's Login: Search the Best Jobs available in India & Abroad - Naukri.com
2026-04-17 09:23:53,400    : Website Loaded Successfully.
2026-04-17 09:24:10,836    : Element not found with XPATH : //*[contains(@class, 'cross-icon') or @alt='cross-icon']
2026-04-17 09:24:15,835    : Element not found with XPATH : //*[text() = 'SKIP AND CONTINUE']
2026-04-17 09:24:16,877    : Naukri Login Successful
2026-04-17 09:24:29,090    : Element not found with XPATH : //*[contains(@class, 'crossIcon')]
2026-04-17 09:24:40,731    : Element not found with XPATH : //*[@name='mobile'] | //*[@id='mob_number']
2026-04-17 09:24:43,807    : Element not found with XPATH : //*[@name='mobile'] | //*[@id='mob_number']
2026-04-17 09:24:45,116    : Profile Update Successful
2026-04-17 09:25:03,075    : Element not found with XPATH : //*[contains(@class, 'crossIcon')]
2026-04-17 09:25:10,886    : Element not found with ID : //button[@type='button']
2026-04-17 09:25:12,024    : Resume Document Upload Successful. Last Updated date = Uploaded on Apr 17, 2026
2026-04-17 09:25:14,170    : Driver Closed Successfully
2026-04-17 09:25:16,582    : Driver Quit Successfully
2026-04-17 09:25:16,582    : -----Naukri.py Script Run Ended-----

2026-04-17 09:25:31,718    : -----Naukri.py Script Run Begin-----
2026-04-17 09:25:33,268    : Google Chrome Launched!
2026-04-17 09:25:34,683    : Jobseeker's Login: Search the Best Jobs available in India & Abroad - Naukri.com
2026-04-17 09:25:34,686    : Website Loaded Successfully.
2026-04-17 09:25:37,886    : <class 'selenium.common.exceptions.InvalidSessionIdException'> : Message: invalid session id: session deleted as the browser has closed the connection
from disconnected: not connected to DevTools
  (Session info: chrome=147.0.7727.56); For documentation on this error, please visit: https://www.selenium.dev/documentation/webdriver/troubleshooting/errors#invalidsessionidexception
Stacktrace:
	chromedriver!GetHandleVerifier [0x7ff7cf6c0245+146d5]
	chromedriver!GetHandleVerifier [0x7ff7cf6c02b0+14740]
	chromedriver!(No symbol) [0x7ff7cf42d7cd]
	chromedriver!(No symbol) [0x7ff7cf418842]
	chromedriver!(No symbol) [0x7ff7cf43f0b1]
	chromedriver!(No symbol) [0x7ff7cf4b70b0]
	chromedriver!(No symbol) [0x7ff7cf4d40e2]
	chromedriver!(No symbol) [0x7ff7cf479018]
	chromedriver!(No symbol) [0x7ff7cf479f03]
	chromedriver!GetHandleVerifier [0x7ff7cf9d58f9+329d89]
	chromedriver!GetHandleVerifier [0x7ff7cf9cfe46+3242d6]
	chromedriver!GetHandleVerifier [0x7ff7cf9f30b2+347542]
	chromedriver!GetHandleVerifier [0x7ff7cf6dd3d5+31865]
	chromedriver!GetHandleVerifier [0x7ff7cf6e600c+3a49c]
	chromedriver!GetHandleVerifier [0x7ff7cf6c9634+1dac4]
	chromedriver!GetHandleVerifier [0x7ff7cf6c97e6+1dc76]
	chromedriver!GetHandleVerifier [0x7ff7cf6ae2f7+2787]
	KERNEL32!BaseThreadInitThunk [0x7ff9e37fe8d7+17]
	ntdll!RtlUserThreadStart [0x7ff9e52ac3fc+2c]
 at Line 214.
2026-04-17 09:25:38,051    : <class 'selenium.common.exceptions.InvalidSessionIdException'> : Message: invalid session id; For documentation on this error, please visit: https://www.selenium.dev/documentation/webdriver/troubleshooting/errors#invalidsessionidexception
Stacktrace:
	chromedriver!GetHandleVerifier [0x7ff7cf6c0245+146d5]
	chromedriver!GetHandleVerifier [0x7ff7cf6c02b0+14740]
	chromedriver!(No symbol) [0x7ff7cf42d5b6]
	chromedriver!(No symbol) [0x7ff7cf478093]
	chromedriver!(No symbol) [0x7ff7cf4afe72]
	chromedriver!(No symbol) [0x7ff7cf4aa0d1]
	chromedriver!(No symbol) [0x7ff7cf4a9383]
	chromedriver!(No symbol) [0x7ff7cf3f60b5]
	chromedriver!GetHandleVerifier [0x7ff7cf9d58f9+329d89]
	chromedriver!GetHandleVerifier [0x7ff7cf9cfe46+3242d6]
	chromedriver!GetHandleVerifier [0x7ff7cf9f30b2+347542]
	chromedriver!GetHandleVerifier [0x7ff7cf6dd3d5+31865]
	chromedriver!GetHandleVerifier [0x7ff7cf6e600c+3a49c]
	chromedriver!(No symbol) [0x7ff7cf3f4e4a]
	chromedriver!GetHandleVerifier [0x7ff7cfb320c8+486558]
	KERNEL32!BaseThreadInitThunk [0x7ff9e37fe8d7+17]
	ntdll!RtlUserThreadStart [0x7ff9e52ac3fc+2c]
 at Line 139.
2026-04-17 09:25:40,070    : Driver Quit Successfully
2026-04-17 09:25:40,070    : -----Naukri.py Script Run Ended-----

2026-04-18 08:38:17,376    : -----Naukri.py Script Run Begin-----
2026-04-18 08:38:19,591    : Google Chrome Launched!
2026-04-18 08:38:20,979    : Jobseeker's Login: Search the Best Jobs available in India & Abroad - Naukri.com
2026-04-18 08:38:20,982    : Website Loaded Successfully.
2026-04-18 08:38:38,321    : Element not found with XPATH : //*[contains(@class, 'cross-icon') or @alt='cross-icon']
2026-04-18 08:38:43,325    : Element not found with XPATH : //*[text() = 'SKIP AND CONTINUE']
2026-04-18 08:38:44,338    : Naukri Login Successful
2026-04-18 08:38:56,020    : Element not found with XPATH : //*[contains(@class, 'crossIcon')]
2026-04-18 08:39:07,394    : Element not found with XPATH : //*[@name='mobile'] | //*[@id='mob_number']
2026-04-18 08:39:10,461    : Element not found with XPATH : //*[@name='mobile'] | //*[@id='mob_number']
2026-04-18 08:39:11,646    : Profile Update Successful
2026-04-18 08:39:29,227    : Element not found with XPATH : //*[contains(@class, 'crossIcon')]
2026-04-18 08:39:36,704    : Element not found with ID : //button[@type='button']
2026-04-18 08:39:37,823    : Resume Document Upload Successful. Last Updated date = Uploaded on Apr 18, 2026
2026-04-18 08:39:39,989    : Driver Closed Successfully
2026-04-18 08:39:42,309    : Driver Quit Successfully
2026-04-18 08:39:42,309    : -----Naukri.py Script Run Ended-----

2026-04-18 08:39:48,252    : -----Naukri.py Script Run Begin-----
2026-04-18 08:39:49,719    : Google Chrome Launched!
2026-04-18 08:39:51,201    : Jobseeker's Login: Search the Best Jobs available in India & Abroad - Naukri.com
2026-04-18 08:39:51,205    : Website Loaded Successfully.
2026-04-18 08:40:08,534    : Element not found with XPATH : //*[contains(@class, 'cross-icon') or @alt='cross-icon']
2026-04-18 08:40:13,538    : Element not found with XPATH : //*[text() = 'SKIP AND CONTINUE']
2026-04-18 08:40:14,551    : Naukri Login Successful
2026-04-18 08:40:26,149    : Element not found with XPATH : //*[contains(@class, 'crossIcon')]
2026-04-18 08:40:37,516    : Element not found with XPATH : //*[@name='mobile'] | //*[@id='mob_number']
2026-04-18 08:40:40,539    : Element not found with XPATH : //*[@name='mobile'] | //*[@id='mob_number']
2026-04-18 08:40:41,721    : Profile Update Successful
2026-04-18 08:40:59,359    : Element not found with XPATH : //*[contains(@class, 'crossIcon')]
2026-04-18 08:41:06,863    : Element not found with ID : //button[@type='button']
2026-04-18 08:41:07,942    : Resume Document Upload Successful. Last Updated date = Uploaded on Apr 18, 2026
2026-04-18 08:41:10,095    : Driver Closed Successfully
2026-04-18 08:41:12,414    : Driver Quit Successfully
2026-04-18 08:41:12,414    : -----Naukri.py Script Run Ended-----

2026-04-20 10:40:05,689    : -----Naukri.py Script Run Begin-----
2026-04-20 10:40:07,878    : Google Chrome Launched!
2026-04-20 10:40:09,133    : Jobseeker's Login: Search the Best Jobs available in India & Abroad - Naukri.com
2026-04-20 10:40:09,137    : Website Loaded Successfully.
2026-04-20 10:40:26,506    : Element not found with XPATH : //*[contains(@class, 'cross-icon') or @alt='cross-icon']
2026-04-20 10:40:31,503    : Element not found with XPATH : //*[text() = 'SKIP AND CONTINUE']
2026-04-20 10:40:32,515    : Naukri Login Successful
2026-04-20 10:40:44,247    : Element not found with XPATH : //*[contains(@class, 'crossIcon')]
2026-04-20 10:40:55,709    : Element not found with XPATH : //*[@name='mobile'] | //*[@id='mob_number']
2026-04-20 10:40:58,781    : Element not found with XPATH : //*[@name='mobile'] | //*[@id='mob_number']
2026-04-20 10:40:59,982    : Profile Update Successful
2026-04-20 10:41:17,493    : Element not found with XPATH : //*[contains(@class, 'crossIcon')]
2026-04-20 10:41:24,619    : Element not found with ID : //button[@type='button']
2026-04-20 10:41:25,655    : Resume Document Upload Successful. Last Updated date = Uploaded on Apr 20, 2026
2026-04-20 10:41:27,813    : Driver Closed Successfully
2026-04-20 10:41:30,150    : Driver Quit Successfully
2026-04-20 10:41:30,150    : -----Naukri.py Script Run Ended-----

2026-04-20 10:41:42,995    : -----Naukri.py Script Run Begin-----
2026-04-20 10:41:44,527    : Google Chrome Launched!
2026-04-20 10:41:45,142    : Jobseeker's Login: Search the Best Jobs available in India & Abroad - Naukri.com
2026-04-20 10:41:45,145    : Website Loaded Successfully.
2026-04-20 10:42:02,445    : Element not found with XPATH : //*[contains(@class, 'cross-icon') or @alt='cross-icon']
2026-04-20 10:42:07,460    : Element not found with XPATH : //*[text() = 'SKIP AND CONTINUE']
2026-04-20 10:42:08,473    : Naukri Login Successful
2026-04-20 10:42:10,576    : <class 'selenium.common.exceptions.ElementClickInterceptedException'> : Message: element click intercepted: Element <a href="/mnjuser/profile">...</a> is not clickable at point (315, 321). Other element would receive the click: <div id="_csyt6mw092" class="chatbot_Overlay show"></div>
  (Session info: chrome=147.0.7727.101); For documentation on this error, please visit: https://www.selenium.dev/documentation/webdriver/troubleshooting/errors#elementclickinterceptedexception
Stacktrace:
	chromedriver!GetHandleVerifier [0x7ff7a3020245+146d5]
	chromedriver!GetHandleVerifier [0x7ff7a30202b0+14740]
	chromedriver!(No symbol) [0x7ff7a2d8d7cd]
	chromedriver!(No symbol) [0x7ff7a2def195]
	chromedriver!(No symbol) [0x7ff7a2dec8aa]
	chromedriver!(No symbol) [0x7ff7a2de9735]
	chromedriver!(No symbol) [0x7ff7a2de85e7]
	chromedriver!(No symbol) [0x7ff7a2ddb106]
	chromedriver!(No symbol) [0x7ff7a2e0ff6a]
	chromedriver!(No symbol) [0x7ff7a2dda986]
	chromedriver!(No symbol) [0x7ff7a2e34818]
	chromedriver!(No symbol) [0x7ff7a2dd9018]
	chromedriver!(No symbol) [0x7ff7a2dd9f03]
	chromedriver!GetHandleVerifier [0x7ff7a33358f9+329d89]
	chromedriver!GetHandleVerifier [0x7ff7a332fe46+3242d6]
	chromedriver!GetHandleVerifier [0x7ff7a33530b2+347542]
	chromedriver!GetHandleVerifier [0x7ff7a303d3d5+31865]
	chromedriver!GetHandleVerifier [0x7ff7a304600c+3a49c]
	chromedriver!GetHandleVerifier [0x7ff7a3029634+1dac4]
	chromedriver!GetHandleVerifier [0x7ff7a30297e6+1dc76]
	chromedriver!GetHandleVerifier [0x7ff7a300e2f7+2787]
	KERNEL32!BaseThreadInitThunk [0x7ff9e37fe8d7+17]
	ntdll!RtlUserThreadStart [0x7ff9e52ac3fc+2c]
 at Line 257.
2026-04-20 10:42:23,342    : Element not found with XPATH : //*[contains(@class, 'crossIcon')]
2026-04-20 10:42:30,866    : Element not found with ID : //button[@type='button']
2026-04-20 10:42:31,995    : Resume Document Upload Successful. Last Updated date = Uploaded on Apr 20, 2026
2026-04-20 10:42:34,175    : Driver Closed Successfully
2026-04-20 10:42:36,523    : Driver Quit Successfully
2026-04-20 10:42:36,524    : -----Naukri.py Script Run Ended-----

2026-04-21 14:28:25,624    : -----Naukri.py Script Run Begin-----
2026-04-21 14:28:29,275    : Google Chrome Launched!
2026-04-21 14:28:31,051    : Jobseeker's Login: Search the Best Jobs available in India & Abroad - Naukri.com
2026-04-21 14:28:31,060    : Website Loaded Successfully.
2026-04-21 14:28:49,036    : Element not found with XPATH : //*[contains(@class, 'cross-icon') or @alt='cross-icon']
2026-04-21 14:28:54,074    : Element not found with XPATH : //*[text() = 'SKIP AND CONTINUE']
2026-04-21 14:28:55,114    : Naukri Login Successful
2026-04-21 14:29:07,712    : Element not found with XPATH : //*[contains(@class, 'crossIcon')]
2026-04-21 14:29:19,679    : Element not found with XPATH : //*[@name='mobile'] | //*[@id='mob_number']
2026-04-21 14:29:22,712    : Element not found with XPATH : //*[@name='mobile'] | //*[@id='mob_number']
2026-04-21 14:29:24,206    : Profile Update Successful
2026-04-21 14:29:42,736    : Element not found with XPATH : //*[contains(@class, 'crossIcon')]
2026-04-21 14:29:50,690    : Element not found with ID : //button[@type='button']
2026-04-21 14:29:51,897    : Resume Document Upload Successful. Last Updated date = Uploaded on Apr 21, 2026
2026-04-21 14:29:54,157    : Driver Closed Successfully
2026-04-21 14:29:57,079    : Driver Quit Successfully
2026-04-21 14:29:57,080    : -----Naukri.py Script Run Ended-----

2026-04-21 14:30:19,117    : -----Naukri.py Script Run Begin-----
2026-04-21 14:30:21,605    : Google Chrome Launched!
2026-04-21 14:30:24,520    : Jobseeker's Login: Search the Best Jobs available in India & Abroad - Naukri.com
2026-04-21 14:30:24,528    : Website Loaded Successfully.
2026-04-21 14:30:42,346    : Element not found with XPATH : //*[contains(@class, 'cross-icon') or @alt='cross-icon']
2026-04-21 14:30:47,390    : Element not found with XPATH : //*[text() = 'SKIP AND CONTINUE']
2026-04-21 14:30:48,433    : Naukri Login Successful
2026-04-21 14:31:02,009    : Element not found with XPATH : //*[contains(@class, 'crossIcon')]
2026-04-21 14:31:13,987    : Element not found with XPATH : //*[@name='mobile'] | //*[@id='mob_number']
2026-04-21 14:31:17,015    : Element not found with XPATH : //*[@name='mobile'] | //*[@id='mob_number']
2026-04-21 14:31:18,590    : Profile Update Successful
2026-04-21 14:31:36,911    : Element not found with XPATH : //*[contains(@class, 'crossIcon')]
2026-04-21 14:31:45,218    : Element not found with ID : //button[@type='button']
2026-04-21 14:31:46,396    : Resume Document Upload Successful. Last Updated date = Uploaded on Apr 21, 2026
2026-04-21 14:31:48,641    : Driver Closed Successfully
2026-04-21 14:31:51,579    : Driver Quit Successfully
2026-04-21 14:31:51,579    : -----Naukri.py Script Run Ended-----

2026-04-22 08:02:27,009    : -----Naukri.py Script Run Begin-----
2026-04-22 08:02:29,633    : Google Chrome Launched!
2026-04-22 08:02:32,889    : Jobseeker's Login: Search the Best Jobs available in India & Abroad - Naukri.com
2026-04-22 08:02:32,898    : Website Loaded Successfully.
2026-04-22 08:02:50,938    : Element not found with XPATH : //*[contains(@class, 'cross-icon') or @alt='cross-icon']
2026-04-22 08:02:55,998    : Element not found with XPATH : //*[text() = 'SKIP AND CONTINUE']
2026-04-22 08:02:57,041    : Naukri Login Successful
2026-04-22 08:03:09,560    : Element not found with XPATH : //*[contains(@class, 'crossIcon')]
2026-04-22 08:03:21,613    : Element not found with XPATH : //*[@name='mobile'] | //*[@id='mob_number']
2026-04-22 08:03:24,692    : Element not found with XPATH : //*[@name='mobile'] | //*[@id='mob_number']
2026-04-22 08:03:26,160    : Profile Update Successful
2026-04-22 08:03:44,491    : Element not found with XPATH : //*[contains(@class, 'crossIcon')]
2026-04-22 08:03:52,752    : Element not found with ID : //button[@type='button']
2026-04-22 08:03:53,942    : Resume Document Upload Successful. Last Updated date = Uploaded on Apr 22, 2026
2026-04-22 08:03:56,159    : Driver Closed Successfully
2026-04-22 08:03:58,945    : Driver Quit Successfully
2026-04-22 08:03:58,946    : -----Naukri.py Script Run Ended-----

2026-04-22 08:05:21,803    : -----Naukri.py Script Run Begin-----
2026-04-22 08:05:24,469    : Google Chrome Launched!
2026-04-22 08:05:26,418    : Jobseeker's Login: Search the Best Jobs available in India & Abroad - Naukri.com
2026-04-22 08:05:26,425    : Website Loaded Successfully.
2026-04-22 08:05:44,242    : Element not found with XPATH : //*[contains(@class, 'cross-icon') or @alt='cross-icon']
2026-04-22 08:05:49,282    : Element not found with XPATH : //*[text() = 'SKIP AND CONTINUE']
2026-04-22 08:05:50,330    : Naukri Login Successful
2026-04-22 08:06:02,829    : Element not found with XPATH : //*[contains(@class, 'crossIcon')]
2026-04-22 08:06:14,805    : Element not found with XPATH : //*[@name='mobile'] | //*[@id='mob_number']
2026-04-22 08:06:17,880    : Element not found with XPATH : //*[@name='mobile'] | //*[@id='mob_number']
2026-04-22 08:06:19,354    : Profile Update Successful
2026-04-22 08:06:37,604    : Element not found with XPATH : //*[contains(@class, 'crossIcon')]
2026-04-22 08:06:45,805    : Element not found with ID : //button[@type='button']
2026-04-22 08:06:47,000    : Resume Document Upload Successful. Last Updated date = Uploaded on Apr 22, 2026
2026-04-22 08:06:49,216    : Driver Closed Successfully
2026-04-22 08:06:51,898    : Driver Quit Successfully
2026-04-22 08:06:51,898    : -----Naukri.py Script Run Ended-----

2026-04-25 11:31:36,099    : -----Naukri.py Script Run Begin-----
2026-04-25 11:31:41,167    : Google Chrome Launched!
2026-04-25 11:31:42,877    : Jobseeker's Login: Search the Best Jobs available in India & Abroad - Naukri.com
2026-04-25 11:31:42,888    : Website Loaded Successfully.
2026-04-25 11:32:00,786    : Element not found with XPATH : //*[contains(@class, 'cross-icon') or @alt='cross-icon']
2026-04-25 11:32:05,828    : Element not found with XPATH : //*[text() = 'SKIP AND CONTINUE']
2026-04-25 11:32:06,866    : Naukri Login Successful
2026-04-25 11:32:08,989    : <class 'selenium.common.exceptions.ElementClickInterceptedException'> : Message: element click intercepted: Element <a href="/mnjuser/profile">...</a> is not clickable at point (315, 321). Other element would receive the click: <div id="_yx73pvtve2" class="chatbot_Overlay show"></div>
  (Session info: chrome=147.0.7727.116); For documentation on this error, please visit: https://www.selenium.dev/documentation/webdriver/troubleshooting/errors#elementclickinterceptedexception
Stacktrace:
	chromedriver!GetHandleVerifier [0x7ff66a2fa8e5+14e45]
	chromedriver!GetHandleVerifier [0x7ff66a2fa950+14eb0]
	chromedriver!(No symbol) [0x7ff66a06d6ed]
	chromedriver!(No symbol) [0x7ff66a0cf245]
	chromedriver!(No symbol) [0x7ff66a0cc95a]
	chromedriver!(No symbol) [0x7ff66a0c97e5]
	chromedriver!(No symbol) [0x7ff66a0c8697]
	chromedriver!(No symbol) [0x7ff66a0bb1c6]
	chromedriver!(No symbol) [0x7ff66a0f002a]
	chromedriver!(No symbol) [0x7ff66a0baa46]
	chromedriver!(No symbol) [0x7ff66a11483b]
	chromedriver!(No symbol) [0x7ff66a0b90e8]
	chromedriver!(No symbol) [0x7ff66a0b9fc3]
	chromedriver!GetHandleVerifier [0x7ff66a610149+32a6a9]
	chromedriver!GetHandleVerifier [0x7ff66a60a715+324c75]
	chromedriver!GetHandleVerifier [0x7ff66a62c012+346572]
	chromedriver!GetHandleVerifier [0x7ff66a317cb5+32215]
	chromedriver!GetHandleVerifier [0x7ff66a32087c+3addc]
	chromedriver!GetHandleVerifier [0x7ff66a3040e4+1e644]
	chromedriver!GetHandleVerifier [0x7ff66a304296+1e7f6]
	chromedriver!GetHandleVerifier [0x7ff66a2e8737+2c97]
	KERNEL32!BaseThreadInitThunk [0x7ff9e37fe8d7+17]
	ntdll!RtlUserThreadStart [0x7ff9e52ac3fc+2c]
 at Line 257.
2026-04-25 11:32:22,089    : Element not found with XPATH : //*[contains(@class, 'crossIcon')]
2026-04-25 11:32:30,132    : Element not found with ID : //button[@type='button']
2026-04-25 11:32:31,354    : Resume Document Upload Successful. Last Updated date = Uploaded on Apr 25, 2026
2026-04-25 11:32:33,605    : Driver Closed Successfully
2026-04-25 11:32:36,398    : Driver Quit Successfully
2026-04-25 11:32:36,399    : -----Naukri.py Script Run Ended-----

2026-04-25 11:32:52,198    : -----Naukri.py Script Run Begin-----
2026-04-25 11:32:54,634    : Google Chrome Launched!
2026-04-25 11:32:56,343    : Jobseeker's Login: Search the Best Jobs available in India & Abroad - Naukri.com
2026-04-25 11:32:56,351    : Website Loaded Successfully.
2026-04-25 11:33:14,211    : Element not found with XPATH : //*[contains(@class, 'cross-icon') or @alt='cross-icon']
2026-04-25 11:33:19,249    : Element not found with XPATH : //*[text() = 'SKIP AND CONTINUE']
2026-04-25 11:33:20,304    : Naukri Login Successful
2026-04-25 11:33:22,420    : <class 'selenium.common.exceptions.ElementClickInterceptedException'> : Message: element click intercepted: Element <a href="/mnjuser/profile">...</a> is not clickable at point (315, 321). Other element would receive the click: <div id="_yg5eefhja2" class="chatbot_Overlay show"></div>
  (Session info: chrome=147.0.7727.116); For documentation on this error, please visit: https://www.selenium.dev/documentation/webdriver/troubleshooting/errors#elementclickinterceptedexception
Stacktrace:
	chromedriver!GetHandleVerifier [0x7ff66a2fa8e5+14e45]
	chromedriver!GetHandleVerifier [0x7ff66a2fa950+14eb0]
	chromedriver!(No symbol) [0x7ff66a06d6ed]
	chromedriver!(No symbol) [0x7ff66a0cf245]
	chromedriver!(No symbol) [0x7ff66a0cc95a]
	chromedriver!(No symbol) [0x7ff66a0c97e5]
	chromedriver!(No symbol) [0x7ff66a0c8697]
	chromedriver!(No symbol) [0x7ff66a0bb1c6]
	chromedriver!(No symbol) [0x7ff66a0f002a]
	chromedriver!(No symbol) [0x7ff66a0baa46]
	chromedriver!(No symbol) [0x7ff66a11483b]
	chromedriver!(No symbol) [0x7ff66a0b90e8]
	chromedriver!(No symbol) [0x7ff66a0b9fc3]
	chromedriver!GetHandleVerifier [0x7ff66a610149+32a6a9]
	chromedriver!GetHandleVerifier [0x7ff66a60a715+324c75]
	chromedriver!GetHandleVerifier [0x7ff66a62c012+346572]
	chromedriver!GetHandleVerifier [0x7ff66a317cb5+32215]
	chromedriver!GetHandleVerifier [0x7ff66a32087c+3addc]
	chromedriver!GetHandleVerifier [0x7ff66a3040e4+1e644]
	chromedriver!GetHandleVerifier [0x7ff66a304296+1e7f6]
	chromedriver!GetHandleVerifier [0x7ff66a2e8737+2c97]
	KERNEL32!BaseThreadInitThunk [0x7ff9e37fe8d7+17]
	ntdll!RtlUserThreadStart [0x7ff9e52ac3fc+2c]
 at Line 257.
2026-04-25 11:33:35,576    : Element not found with XPATH : //*[contains(@class, 'crossIcon')]
2026-04-25 11:33:43,649    : Element not found with ID : //button[@type='button']
2026-04-25 11:33:44,884    : Resume Document Upload Successful. Last Updated date = Uploaded on Apr 25, 2026
2026-04-25 11:33:47,108    : Driver Closed Successfully
2026-04-25 11:33:49,780    : Driver Quit Successfully
2026-04-25 11:33:49,780    : -----Naukri.py Script Run Ended-----

2026-05-09 09:56:01,745    : -----Naukri.py Script Run Begin-----
2026-05-09 09:56:06,493    : Google Chrome Launched!
2026-05-09 09:56:08,307    : Jobseeker's Login: Search the Best Jobs available in India & Abroad - Naukri.com
2026-05-09 09:56:08,316    : Website Loaded Successfully.
2026-05-09 09:56:26,253    : Element not found with XPATH : //*[contains(@class, 'cross-icon') or @alt='cross-icon']
2026-05-09 09:56:31,302    : Element not found with XPATH : //*[text() = 'SKIP AND CONTINUE']
2026-05-09 09:56:32,343    : Naukri Login Successful
2026-05-09 09:56:34,539    : <class 'selenium.common.exceptions.ElementClickInterceptedException'> : Message: element click intercepted: Element <a href="/mnjuser/profile">...</a> is not clickable at point (315, 321). Other element would receive the click: <div id="_ad7djz7v62" class="chatbot_Overlay show"></div>
  (Session info: chrome=148.0.7778.96); For documentation on this error, please visit: https://www.selenium.dev/documentation/webdriver/troubleshooting/errors#elementclickinterceptedexception
Stacktrace:
	chromedriver!GetHandleVerifier [0x7ff732eed6d5+14ef5]
	chromedriver!GetHandleVerifier [0x7ff732eed740+14f60]
	chromedriver!(No symbol) [0x7ff732c3d59d]
	chromedriver!(No symbol) [0x7ff732c9eac5]
	chromedriver!(No symbol) [0x7ff732c9c6da]
	chromedriver!(No symbol) [0x7ff732c99a27]
	chromedriver!(No symbol) [0x7ff732c988d7]
	chromedriver!(No symbol) [0x7ff732c8b4f6]
	chromedriver!(No symbol) [0x7ff732cbf76a]
	chromedriver!(No symbol) [0x7ff732c8ad76]
	chromedriver!(No symbol) [0x7ff732ce44ff]
	chromedriver!(No symbol) [0x7ff732c89608]
	chromedriver!(No symbol) [0x7ff732c8a4f3]
	chromedriver!GetHandleVerifier [0x7ff7331eb779+312f99]
	chromedriver!GetHandleVerifier [0x7ff7331e5c8b+30d4ab]
	chromedriver!GetHandleVerifier [0x7ff733209012+330832]
	chromedriver!GetHandleVerifier [0x7ff732f0a485+31ca5]
	chromedriver!GetHandleVerifier [0x7ff732f12e7c+3a69c]
	chromedriver!GetHandleVerifier [0x7ff732ef6a74+1e294]
	chromedriver!GetHandleVerifier [0x7ff732ef6c04+1e424]
	chromedriver!GetHandleVerifier [0x7ff732edb327+2b47]
	KERNEL32!BaseThreadInitThunk [0x7ffc8587e957+17]
	ntdll!RtlUserThreadStart [0x7ffc86dc427c+2c]
 at Line 257.
2026-05-09 09:56:47,758    : Element not found with XPATH : //*[contains(@class, 'crossIcon')]
2026-05-09 09:56:56,057    : Element not found with ID : //button[@type='button']
2026-05-09 09:56:57,218    : Resume Document Upload Successful. Last Updated date = Uploaded on May 09, 2026
2026-05-09 09:56:59,470    : Driver Closed Successfully
2026-05-09 09:57:02,248    : Driver Quit Successfully
2026-05-09 09:57:02,249    : -----Naukri.py Script Run Ended-----

2026-05-09 09:57:06,059    : -----Naukri.py Script Run Begin-----
2026-05-09 09:57:08,308    : Google Chrome Launched!
2026-05-09 09:57:10,218    : Jobseeker's Login: Search the Best Jobs available in India & Abroad - Naukri.com
2026-05-09 09:57:10,225    : Website Loaded Successfully.
2026-05-09 09:57:28,158    : Element not found with XPATH : //*[contains(@class, 'cross-icon') or @alt='cross-icon']
2026-05-09 09:57:33,217    : Element not found with XPATH : //*[text() = 'SKIP AND CONTINUE']
2026-05-09 09:57:34,259    : Naukri Login Successful
2026-05-09 09:57:46,590    : Element not found with XPATH : //*[contains(@class, 'crossIcon')]
2026-05-09 09:57:58,726    : Element not found with XPATH : //*[@name='mobile'] | //*[@id='mob_number']
2026-05-09 09:58:01,774    : Element not found with XPATH : //*[@name='mobile'] | //*[@id='mob_number']
2026-05-09 09:58:03,262    : Profile Update Successful
2026-05-09 09:58:21,520    : Element not found with XPATH : //*[contains(@class, 'crossIcon')]
2026-05-09 09:58:29,457    : Element not found with ID : //button[@type='button']
2026-05-09 09:58:30,596    : Resume Document Upload Successful. Last Updated date = Uploaded on May 09, 2026
2026-05-09 09:58:32,805    : Driver Closed Successfully
2026-05-09 09:58:35,672    : Driver Quit Successfully
2026-05-09 09:58:35,672    : -----Naukri.py Script Run Ended-----

2026-05-14 09:36:23,646    : -----Naukri.py Script Run Begin-----
2026-05-14 09:36:26,419    : Google Chrome Launched!
2026-05-14 09:36:27,762    : Jobseeker's Login: Search the Best Jobs available in India & Abroad - Naukri.com
2026-05-14 09:36:27,767    : Website Loaded Successfully.
2026-05-14 09:36:45,305    : Element not found with XPATH : //*[contains(@class, 'cross-icon') or @alt='cross-icon']
2026-05-14 09:36:50,311    : Element not found with XPATH : //*[text() = 'SKIP AND CONTINUE']
2026-05-14 09:36:51,334    : Naukri Login Successful
2026-05-14 09:37:03,454    : Element not found with XPATH : //*[contains(@class, 'crossIcon')]
2026-05-14 09:37:15,187    : Element not found with XPATH : //*[@name='mobile'] | //*[@id='mob_number']
2026-05-14 09:37:18,195    : Element not found with XPATH : //*[@name='mobile'] | //*[@id='mob_number']
2026-05-14 09:37:19,559    : Profile Update Successful
2026-05-14 09:37:37,552    : Element not found with XPATH : //*[contains(@class, 'crossIcon')]
2026-05-14 09:37:45,261    : Element not found with ID : //button[@type='button']
2026-05-14 09:37:46,391    : Resume Document Upload Successful. Last Updated date = Uploaded on May 14, 2026
2026-05-14 09:37:48,518    : Driver Closed Successfully
2026-05-14 09:37:50,832    : Driver Quit Successfully
2026-05-14 09:37:50,832    : -----Naukri.py Script Run Ended-----

2026-05-14 09:37:55,766    : -----Naukri.py Script Run Begin-----
2026-05-14 09:37:58,316    : Google Chrome Launched!
2026-05-14 09:37:59,582    : Jobseeker's Login: Search the Best Jobs available in India & Abroad - Naukri.com
2026-05-14 09:37:59,585    : Website Loaded Successfully.
2026-05-14 09:38:16,906    : Element not found with XPATH : //*[contains(@class, 'cross-icon') or @alt='cross-icon']
2026-05-14 09:38:21,930    : Element not found with XPATH : //*[text() = 'SKIP AND CONTINUE']
2026-05-14 09:38:22,943    : Naukri Login Successful
2026-05-14 09:38:34,648    : Element not found with XPATH : //*[contains(@class, 'crossIcon')]
2026-05-14 09:38:46,142    : Element not found with XPATH : //*[@name='mobile'] | //*[@id='mob_number']
2026-05-14 09:38:49,215    : Element not found with XPATH : //*[@name='mobile'] | //*[@id='mob_number']
2026-05-14 09:38:50,438    : Profile Update Successful
2026-05-14 09:39:08,122    : Element not found with XPATH : //*[contains(@class, 'crossIcon')]
2026-05-14 09:39:15,685    : Element not found with ID : //button[@type='button']
2026-05-14 09:39:16,812    : Resume Document Upload Successful. Last Updated date = Uploaded on May 14, 2026
2026-05-14 09:39:18,941    : Driver Closed Successfully
2026-05-14 09:39:21,221    : Driver Quit Successfully
2026-05-14 09:39:21,222    : -----Naukri.py Script Run Ended-----

2026-05-15 16:28:41,328    : -----Naukri.py Script Run Begin-----
2026-05-15 16:28:44,203    : Google Chrome Launched!
2026-05-15 16:28:46,288    : Jobseeker's Login: Search the Best Jobs available in India & Abroad - Naukri.com
2026-05-15 16:28:46,295    : Website Loaded Successfully.
2026-05-15 16:29:04,264    : Element not found with XPATH : //*[contains(@class, 'cross-icon') or @alt='cross-icon']
2026-05-15 16:29:09,322    : Element not found with XPATH : //*[text() = 'SKIP AND CONTINUE']
2026-05-15 16:29:10,359    : Naukri Login Successful
2026-05-15 16:29:12,532    : <class 'selenium.common.exceptions.ElementClickInterceptedException'> : Message: element click intercepted: Element <a href="/mnjuser/profile">...</a> is not clickable at point (315, 321). Other element would receive the click: <div id="_bhmktr1tq2" class="chatbot_Overlay show"></div>
  (Session info: chrome=148.0.7778.168); For documentation on this error, please visit: https://www.selenium.dev/documentation/webdriver/troubleshooting/errors#elementclickinterceptedexception
Stacktrace:
	chromedriver!GetHandleVerifier [0x7ff76cb01e35+2e8d45]
	chromedriver!GetHandleVerifier [0x7ff76c82e6c0+155d0]
	chromedriver!(No symbol) [0x7ff76c57d57d]
	chromedriver!(No symbol) [0x7ff76c5df205]
	chromedriver!(No symbol) [0x7ff76c5dce1a]
	chromedriver!(No symbol) [0x7ff76c5da167]
	chromedriver!(No symbol) [0x7ff76c5d9017]
	chromedriver!(No symbol) [0x7ff76c5cbc46]
	chromedriver!(No symbol) [0x7ff76c5ffe6a]
	chromedriver!(No symbol) [0x7ff76c5cb4c6]
	chromedriver!(No symbol) [0x7ff76c624c63]
	chromedriver!(No symbol) [0x7ff76c5c9d58]
	chromedriver!(No symbol) [0x7ff76c5cac43]
	chromedriver!GetHandleVerifier [0x7ff76cb2dab9+3149c9]
	chromedriver!GetHandleVerifier [0x7ff76cb2802b+30ef3b]
	chromedriver!GetHandleVerifier [0x7ff76cb4c872+333782]
	chromedriver!GetHandleVerifier [0x7ff76c84b785+32695]
	chromedriver!GetHandleVerifier [0x7ff76c8542bc+3b1cc]
	chromedriver!GetHandleVerifier [0x7ff76c837f24+1ee34]
	chromedriver!GetHandleVerifier [0x7ff76c8380b4+1efc4]
	chromedriver!GetHandleVerifier [0x7ff76c81bf27+2e37]
	KERNEL32!BaseThreadInitThunk [0x7ffb01dae957+17]
	ntdll!RtlUserThreadStart [0x7ffb0230427c+2c]
 at Line 257.
2026-05-15 16:29:25,710    : Element not found with XPATH : //*[contains(@class, 'crossIcon')]
2026-05-15 16:29:33,764    : Element not found with ID : //button[@type='button']
2026-05-15 16:29:34,935    : Resume Document Upload Successful. Last Updated date = Uploaded on May 15, 2026
2026-05-15 16:29:37,263    : Driver Closed Successfully
2026-05-15 16:29:39,994    : Driver Quit Successfully
2026-05-15 16:29:39,995    : -----Naukri.py Script Run Ended-----

2026-05-15 16:29:50,558    : -----Naukri.py Script Run Begin-----
2026-05-15 16:29:52,882    : Google Chrome Launched!
2026-05-15 16:29:54,816    : Jobseeker's Login: Search the Best Jobs available in India & Abroad - Naukri.com
2026-05-15 16:29:54,825    : Website Loaded Successfully.
2026-05-15 16:30:12,889    : Element not found with XPATH : //*[contains(@class, 'cross-icon') or @alt='cross-icon']
2026-05-15 16:30:17,954    : Element not found with XPATH : //*[text() = 'SKIP AND CONTINUE']
2026-05-15 16:30:19,013    : Naukri Login Successful
2026-05-15 16:30:31,377    : Element not found with XPATH : //*[contains(@class, 'crossIcon')]
2026-05-15 16:30:43,292    : Element not found with XPATH : //*[@name='mobile'] | //*[@id='mob_number']
2026-05-15 16:30:46,344    : Element not found with XPATH : //*[@name='mobile'] | //*[@id='mob_number']
2026-05-15 16:30:47,848    : Profile Update Successful
2026-05-15 16:31:06,348    : Element not found with XPATH : //*[contains(@class, 'crossIcon')]
2026-05-15 16:31:14,332    : Element not found with ID : //button[@type='button']
2026-05-15 16:31:15,503    : Resume Document Upload Successful. Last Updated date = Uploaded on May 15, 2026
2026-05-15 16:31:17,779    : Driver Closed Successfully
2026-05-15 16:31:20,595    : Driver Quit Successfully
2026-05-15 16:31:20,595    : -----Naukri.py Script Run Ended-----

2026-05-31 11:20:16,819    : -----Naukri.py Script Run Begin-----
2026-05-31 11:20:38,326    : Google Chrome Launched!
2026-05-31 11:20:42,296    : Jobseeker's Login: Search the Best Jobs available in India & Abroad - Naukri.com
2026-05-31 11:20:42,307    : Website Loaded Successfully.
2026-05-31 11:21:00,751    : Element not found with XPATH : //*[contains(@class, 'cross-icon') or @alt='cross-icon']
2026-05-31 11:21:05,877    : Element not found with XPATH : //*[text() = 'SKIP AND CONTINUE']
2026-05-31 11:21:06,941    : Naukri Login Successful
2026-05-31 11:21:20,239    : Element not found with XPATH : //*[contains(@class, 'crossIcon')]
2026-05-31 11:21:32,834    : Element not found with XPATH : //*[@name='mobile'] | //*[@id='mob_number']
2026-05-31 11:21:35,997    : Element not found with XPATH : //*[@name='mobile'] | //*[@id='mob_number']
2026-05-31 11:21:37,553    : Profile Update Successful
2026-05-31 11:21:56,082    : Element not found with XPATH : //*[contains(@class, 'crossIcon')]
2026-05-31 11:22:04,716    : Element not found with ID : //button[@type='button']
2026-05-31 11:22:06,083    : Resume Document Upload Successful. Last Updated date = Uploaded on May 31, 2026
2026-05-31 11:22:08,307    : Driver Closed Successfully
2026-05-31 11:22:11,179    : Driver Quit Successfully
2026-05-31 11:22:11,179    : -----Naukri.py Script Run Ended-----

2026-05-31 11:22:15,411    : -----Naukri.py Script Run Begin-----
2026-05-31 11:22:17,937    : Google Chrome Launched!
2026-05-31 11:22:19,111    : Jobseeker's Login: Search the Best Jobs available in India & Abroad - Naukri.com
2026-05-31 11:22:19,124    : Website Loaded Successfully.
2026-05-31 11:22:38,069    : Element not found with XPATH : //*[contains(@class, 'cross-icon') or @alt='cross-icon']
2026-05-31 11:22:43,176    : Element not found with XPATH : //*[text() = 'SKIP AND CONTINUE']
2026-05-31 11:22:44,267    : Naukri Login Successful
2026-05-31 11:22:57,194    : Element not found with XPATH : //*[contains(@class, 'crossIcon')]
2026-05-31 11:23:09,715    : Element not found with XPATH : //*[@name='mobile'] | //*[@id='mob_number']
2026-05-31 11:23:12,749    : Element not found with XPATH : //*[@name='mobile'] | //*[@id='mob_number']
2026-05-31 11:23:14,555    : Profile Update Successful
2026-05-31 11:23:33,634    : Element not found with XPATH : //*[contains(@class, 'crossIcon')]
2026-05-31 11:23:42,230    : Element not found with ID : //button[@type='button']
2026-05-31 11:23:43,571    : Resume Document Upload Successful. Last Updated date = Uploaded on May 31, 2026
2026-05-31 11:23:45,822    : Driver Closed Successfully
2026-05-31 11:23:48,705    : Driver Quit Successfully
2026-05-31 11:23:48,706    : -----Naukri.py Script Run Ended-----

2026-06-03 19:11:10,444    : -----Naukri.py Script Run Begin-----
2026-06-03 19:11:14,755    : Google Chrome Launched!
2026-06-03 19:11:16,568    : Jobseeker's Login: Search the Best Jobs available in India & Abroad - Naukri.com
2026-06-03 19:11:16,573    : Website Loaded Successfully.
2026-06-03 19:11:39,103    : Element not found with XPATH : //*[contains(@class, 'cross-icon') or @alt='cross-icon']
2026-06-03 19:11:44,105    : Element not found with XPATH : //*[text() = 'SKIP AND CONTINUE']
2026-06-03 19:11:45,192    : Naukri Login Successful
2026-06-03 19:11:47,303    : <class 'selenium.common.exceptions.ElementClickInterceptedException'> : Message: element click intercepted: Element <a href="/mnjuser/profile">...</a> is not clickable at point (315, 321). Other element would receive the click: <div id="_obuu57e4c2" class="chatbot_Overlay show"></div>
  (Session info: chrome=148.0.7778.168); For documentation on this error, please visit: https://www.selenium.dev/documentation/webdriver/troubleshooting/errors#elementclickinterceptedexception
Stacktrace:
	chromedriver!GetHandleVerifier [0x7ff616197de5+14895]
	chromedriver!GetHandleVerifier [0x7ff616197e50+14900]
	chromedriver!(No symbol) [0x7ff615efd5ad]
	chromedriver!(No symbol) [0x7ff615f5f3b5]
	chromedriver!(No symbol) [0x7ff615f5cfca]
	chromedriver!(No symbol) [0x7ff615f5a307]
	chromedriver!(No symbol) [0x7ff615f591b7]
	chromedriver!(No symbol) [0x7ff615f4bce6]
	chromedriver!(No symbol) [0x7ff615f8005a]
	chromedriver!(No symbol) [0x7ff615f4b566]
	chromedriver!(No symbol) [0x7ff615fa486f]
	chromedriver!(No symbol) [0x7ff615f49df8]
	chromedriver!(No symbol) [0x7ff615f4ace3]
	chromedriver!GetHandleVerifier [0x7ff6164acc49+3296f9]
	chromedriver!GetHandleVerifier [0x7ff6164a7375+323e25]
	chromedriver!GetHandleVerifier [0x7ff6164cbc82+348732]
	chromedriver!GetHandleVerifier [0x7ff6161b6045+32af5]
	chromedriver!GetHandleVerifier [0x7ff6161becec+3b79c]
	chromedriver!GetHandleVerifier [0x7ff6161a1bc4+1e674]
	chromedriver!GetHandleVerifier [0x7ff6161a1d54+1e804]
	chromedriver!GetHandleVerifier [0x7ff6161860e7+2b97]
	KERNEL32!BaseThreadInitThunk [0x7ffd4f2de957+17]
	ntdll!RtlUserThreadStart [0x7ffd5042427c+2c]
 at Line 257.
2026-06-03 19:12:00,489    : Element not found with XPATH : //*[contains(@class, 'crossIcon')]
2026-06-03 19:12:08,347    : Element not found with ID : //button[@type='button']
2026-06-03 19:12:09,481    : Resume Document Upload Successful. Last Updated date = Uploaded on Jun 03, 2026
2026-06-03 19:12:11,669    : Driver Closed Successfully
2026-06-03 19:12:14,184    : Driver Quit Successfully
2026-06-03 19:12:14,184    : -----Naukri.py Script Run Ended-----

2026-06-03 19:12:22,764    : -----Naukri.py Script Run Begin-----
2026-06-03 19:12:25,000    : Google Chrome Launched!
2026-06-03 19:12:27,022    : Jobseeker's Login: Search the Best Jobs available in India & Abroad - Naukri.com
2026-06-03 19:12:27,029    : Website Loaded Successfully.
2026-06-03 19:12:44,683    : Element not found with XPATH : //*[contains(@class, 'cross-icon') or @alt='cross-icon']
2026-06-03 19:12:49,682    : Element not found with XPATH : //*[text() = 'SKIP AND CONTINUE']
2026-06-03 19:12:50,700    : Naukri Login Successful
2026-06-03 19:12:52,876    : <class 'selenium.common.exceptions.ElementClickInterceptedException'> : Message: element click intercepted: Element <a href="/mnjuser/profile">...</a> is not clickable at point (315, 321). Other element would receive the click: <div id="_k3stejdlq2" class="chatbot_Overlay show"></div>
  (Session info: chrome=148.0.7778.168); For documentation on this error, please visit: https://www.selenium.dev/documentation/webdriver/troubleshooting/errors#elementclickinterceptedexception
Stacktrace:
	chromedriver!GetHandleVerifier [0x7ff616197de5+14895]
	chromedriver!GetHandleVerifier [0x7ff616197e50+14900]
	chromedriver!(No symbol) [0x7ff615efd5ad]
	chromedriver!(No symbol) [0x7ff615f5f3b5]
	chromedriver!(No symbol) [0x7ff615f5cfca]
	chromedriver!(No symbol) [0x7ff615f5a307]
	chromedriver!(No symbol) [0x7ff615f591b7]
	chromedriver!(No symbol) [0x7ff615f4bce6]
	chromedriver!(No symbol) [0x7ff615f8005a]
	chromedriver!(No symbol) [0x7ff615f4b566]
	chromedriver!(No symbol) [0x7ff615fa486f]
	chromedriver!(No symbol) [0x7ff615f49df8]
	chromedriver!(No symbol) [0x7ff615f4ace3]
	chromedriver!GetHandleVerifier [0x7ff6164acc49+3296f9]
	chromedriver!GetHandleVerifier [0x7ff6164a7375+323e25]
	chromedriver!GetHandleVerifier [0x7ff6164cbc82+348732]
	chromedriver!GetHandleVerifier [0x7ff6161b6045+32af5]
	chromedriver!GetHandleVerifier [0x7ff6161becec+3b79c]
	chromedriver!GetHandleVerifier [0x7ff6161a1bc4+1e674]
	chromedriver!GetHandleVerifier [0x7ff6161a1d54+1e804]
	chromedriver!GetHandleVerifier [0x7ff6161860e7+2b97]
	KERNEL32!BaseThreadInitThunk [0x7ffd4f2de957+17]
	ntdll!RtlUserThreadStart [0x7ffd5042427c+2c]
 at Line 257.
2026-06-03 19:13:05,678    : Element not found with XPATH : //*[contains(@class, 'crossIcon')]
2026-06-03 19:13:13,307    : Element not found with ID : //button[@type='button']
2026-06-03 19:13:14,453    : Resume Document Upload Successful. Last Updated date = Uploaded on Jun 03, 2026
2026-06-03 19:13:16,614    : Driver Closed Successfully
2026-06-03 19:13:19,028    : Driver Quit Successfully
2026-06-03 19:13:19,028    : -----Naukri.py Script Run Ended-----

